phi_max,n_tracks,sigma_res,sigma_res_mm,epsilon,repeat,n_true,n_false,true_accepted,false_accepted,segment_efficiency,segment_false_rate
0.02,10,0.0,0.0,0.0004247940677551,0,30,2970,30,0,1.0,0.0
0.02,10,0.0,0.0,0.0004247940677551,1,30,2970,30,0,1.0,0.0
0.02,10,0.0,0.0,0.0004247940677551,2,30,2970,30,0,1.0,0.0
0.02,10,0.0,0.0,0.0004247940677551,3,30,2970,30,1,1.0,0.032258064516129
0.02,10,0.0,0.0,0.0004247940677551,4,30,2970,30,0,1.0,0.0
0.02,10,0.0,0.0,0.0004247940677551,5,30,2970,30,0,1.0,0.0
0.02,10,0.0,0.0,0.0004247940677551,6,30,2970,30,0,1.0,0.0
0.02,10,0.0,0.0,0.0004247940677551,7,30,2970,30,0,1.0,0.0
0.02,10,0.0,0.0,0.0004247940677551,8,30,2970,30,0,1.0,0.0
0.02,10,0.0,0.0,0.0004247940677551,9,30,2970,30,0,1.0,0.0
0.02,10,0.005,0.005,0.0016308858027061,0,30,2970,30,0,1.0,0.0
0.02,10,0.005,0.005,0.0016308858027061,1,30,2970,30,3,1.0,0.0909090909090909
0.02,10,0.005,0.005,0.0016308858027061,2,30,2970,30,0,1.0,0.0
0.02,10,0.005,0.005,0.0016308858027061,3,30,2970,30,0,1.0,0.0
0.02,10,0.005,0.005,0.0016308858027061,4,30,2970,30,0,1.0,0.0
0.02,10,0.005,0.005,0.0016308858027061,5,30,2970,30,0,1.0,0.0
0.02,10,0.005,0.005,0.0016308858027061,6,30,2970,30,1,1.0,0.032258064516129
0.02,10,0.005,0.005,0.0016308858027061,7,30,2970,30,1,1.0,0.032258064516129
0.02,10,0.005,0.005,0.0016308858027061,8,30,2970,30,0,1.0,0.0
0.02,10,0.005,0.005,0.0016308858027061,9,30,2970,30,0,1.0,0.0
0.02,10,0.01,0.01,0.0031777035588293,0,30,2970,30,3,1.0,0.0909090909090909
0.02,10,0.01,0.01,0.0031777035588293,1,30,2970,30,1,1.0,0.032258064516129
0.02,10,0.01,0.01,0.0031777035588293,2,30,2970,30,6,1.0,0.1666666666666666
0.02,10,0.01,0.01,0.0031777035588293,3,30,2970,30,0,1.0,0.0
0.02,10,0.01,0.01,0.0031777035588293,4,30,2970,30,9,1.0,0.2307692307692307
0.02,10,0.01,0.01,0.0031777035588293,5,30,2970,30,0,1.0,0.0
0.02,10,0.01,0.01,0.0031777035588293,6,30,2970,30,1,1.0,0.032258064516129
0.02,10,0.01,0.01,0.0031777035588293,7,30,2970,30,5,1.0,0.1428571428571428
0.02,10,0.01,0.01,0.0031777035588293,8,30,2970,30,3,1.0,0.0909090909090909
0.02,10,0.01,0.01,0.0031777035588293,9,30,2970,30,9,1.0,0.2307692307692307
0.02,10,0.015,0.015,0.004742833744163,0,30,2970,30,23,1.0,0.4339622641509434
0.02,10,0.015,0.015,0.004742833744163,1,30,2970,30,13,1.0,0.3023255813953488
0.02,10,0.015,0.015,0.004742833744163,2,30,2970,30,13,1.0,0.3023255813953488
0.02,10,0.015,0.015,0.004742833744163,3,30,2970,30,36,1.0,0.5454545454545454
0.02,10,0.015,0.015,0.004742833744163,4,30,2970,30,14,1.0,0.3181818181818182
0.02,10,0.015,0.015,0.004742833744163,5,30,2970,30,7,1.0,0.1891891891891892
0.02,10,0.015,0.015,0.004742833744163,6,30,2970,30,8,1.0,0.2105263157894736
0.02,10,0.015,0.015,0.004742833744163,7,30,2970,30,8,1.0,0.2105263157894736
0.02,10,0.015,0.015,0.004742833744163,8,30,2970,30,28,1.0,0.4827586206896552
0.02,10,0.015,0.015,0.004742833744163,9,30,2970,30,31,1.0,0.5081967213114754
0.02,10,0.02,0.02,0.0063126685373225,0,30,2970,30,5,1.0,0.1428571428571428
0.02,10,0.02,0.02,0.0063126685373225,1,30,2970,30,11,1.0,0.2682926829268293
0.02,10,0.02,0.02,0.0063126685373225,2,30,2970,30,31,1.0,0.5081967213114754
0.02,10,0.02,0.02,0.0063126685373225,3,30,2970,30,6,1.0,0.1666666666666666
0.02,10,0.02,0.02,0.0063126685373225,4,30,2970,30,22,1.0,0.4230769230769231
0.02,10,0.02,0.02,0.0063126685373225,5,30,2970,30,35,1.0,0.5384615384615384
0.02,10,0.02,0.02,0.0063126685373225,6,30,2970,30,3,1.0,0.0909090909090909
0.02,10,0.02,0.02,0.0063126685373225,7,30,2970,30,40,1.0,0.5714285714285714
0.02,10,0.02,0.02,0.0063126685373225,8,30,2970,30,16,1.0,0.3478260869565217
0.02,10,0.02,0.02,0.0063126685373225,9,30,2970,30,11,1.0,0.2682926829268293
0.02,10,0.03,0.03,0.0094570717326724,0,30,2970,30,21,1.0,0.4117647058823529
0.02,10,0.03,0.03,0.0094570717326724,1,30,2970,30,49,1.0,0.620253164556962
0.02,10,0.03,0.03,0.0094570717326724,2,30,2970,30,92,1.0,0.7540983606557377
0.02,10,0.03,0.03,0.0094570717326724,3,30,2970,30,49,1.0,0.620253164556962
0.02,10,0.03,0.03,0.0094570717326724,4,30,2970,30,36,1.0,0.5454545454545454
0.02,10,0.03,0.03,0.0094570717326724,5,30,2970,30,22,1.0,0.4230769230769231
0.02,10,0.03,0.03,0.0094570717326724,6,30,2970,30,39,1.0,0.5652173913043478
0.02,10,0.03,0.03,0.0094570717326724,7,30,2970,30,74,1.0,0.7115384615384616
0.02,10,0.03,0.03,0.0094570717326724,8,30,2970,30,22,1.0,0.4230769230769231
0.02,10,0.03,0.03,0.0094570717326724,9,30,2970,30,29,1.0,0.4915254237288136
0.02,10,0.05,0.05,0.0157515370451374,0,30,2970,30,93,1.0,0.7560975609756098
0.02,10,0.05,0.05,0.0157515370451374,1,30,2970,30,52,1.0,0.6341463414634146
0.02,10,0.05,0.05,0.0157515370451374,2,30,2970,30,109,1.0,0.7841726618705036
0.02,10,0.05,0.05,0.0157515370451374,3,30,2970,30,67,1.0,0.6907216494845361
0.02,10,0.05,0.05,0.0157515370451374,4,30,2970,30,111,1.0,0.7872340425531915
0.02,10,0.05,0.05,0.0157515370451374,5,30,2970,30,62,1.0,0.6739130434782609
0.02,10,0.05,0.05,0.0157515370451374,6,30,2970,30,84,1.0,0.7368421052631579
0.02,10,0.05,0.05,0.0157515370451374,7,30,2970,30,99,1.0,0.7674418604651163
0.02,10,0.05,0.05,0.0157515370451374,8,30,2970,30,92,1.0,0.7540983606557377
0.02,10,0.05,0.05,0.0157515370451374,9,30,2970,30,51,1.0,0.6296296296296297
0.02,20,0.0,0.0,0.0004247940677551,0,60,23940,60,0,1.0,0.0
0.02,20,0.0,0.0,0.0004247940677551,1,60,23940,60,0,1.0,0.0
0.02,20,0.0,0.0,0.0004247940677551,2,60,23940,59,0,0.9833333333333332,0.0
0.02,20,0.0,0.0,0.0004247940677551,3,60,23940,60,1,1.0,0.0163934426229508
0.02,20,0.0,0.0,0.0004247940677551,4,60,23940,60,0,1.0,0.0
0.02,20,0.0,0.0,0.0004247940677551,5,60,23940,60,0,1.0,0.0
0.02,20,0.0,0.0,0.0004247940677551,6,60,23940,60,0,1.0,0.0
0.02,20,0.0,0.0,0.0004247940677551,7,60,23940,60,2,1.0,0.032258064516129
0.02,20,0.0,0.0,0.0004247940677551,8,60,23940,60,0,1.0,0.0
0.02,20,0.0,0.0,0.0004247940677551,9,60,23940,60,0,1.0,0.0
0.02,20,0.005,0.005,0.0016308858027061,0,60,23940,60,5,1.0,0.0769230769230769
0.02,20,0.005,0.005,0.0016308858027061,1,60,23940,60,10,1.0,0.1428571428571428
0.02,20,0.005,0.005,0.0016308858027061,2,60,23940,60,3,1.0,0.0476190476190476
0.02,20,0.005,0.005,0.0016308858027061,3,60,23940,60,2,1.0,0.032258064516129
0.02,20,0.005,0.005,0.0016308858027061,4,60,23940,60,3,1.0,0.0476190476190476
0.02,20,0.005,0.005,0.0016308858027061,5,60,23940,60,9,1.0,0.1304347826086956
0.02,20,0.005,0.005,0.0016308858027061,6,60,23940,60,2,1.0,0.032258064516129
0.02,20,0.005,0.005,0.0016308858027061,7,60,23940,60,3,1.0,0.0476190476190476
0.02,20,0.005,0.005,0.0016308858027061,8,60,23940,60,2,1.0,0.032258064516129
0.02,20,0.005,0.005,0.0016308858027061,9,60,23940,60,6,1.0,0.0909090909090909
0.02,20,0.01,0.01,0.0031777035588293,0,60,23940,60,24,1.0,0.2857142857142857
0.02,20,0.01,0.01,0.0031777035588293,1,60,23940,60,33,1.0,0.3548387096774194
0.02,20,0.01,0.01,0.0031777035588293,2,60,23940,60,18,1.0,0.2307692307692307
0.02,20,0.01,0.01,0.0031777035588293,3,60,23940,60,40,1.0,0.4
0.02,20,0.01,0.01,0.0031777035588293,4,60,23940,60,16,1.0,0.2105263157894736
0.02,20,0.01,0.01,0.0031777035588293,5,60,23940,60,13,1.0,0.1780821917808219
0.02,20,0.01,0.01,0.0031777035588293,6,60,23940,59,26,0.9833333333333332,0.3058823529411765
0.02,20,0.01,0.01,0.0031777035588293,7,60,23940,60,18,1.0,0.2307692307692307
0.02,20,0.01,0.01,0.0031777035588293,8,60,23940,60,12,1.0,0.1666666666666666
0.02,20,0.01,0.01,0.0031777035588293,9,60,23940,60,26,1.0,0.3023255813953488
0.02,20,0.015,0.015,0.004742833744163,0,60,23940,60,52,1.0,0.4642857142857143
0.02,20,0.015,0.015,0.004742833744163,1,60,23940,60,72,1.0,0.5454545454545454
0.02,20,0.015,0.015,0.004742833744163,2,60,23940,60,67,1.0,0.5275590551181102
0.02,20,0.015,0.015,0.004742833744163,3,60,23940,60,42,1.0,0.4117647058823529
0.02,20,0.015,0.015,0.004742833744163,4,60,23940,60,49,1.0,0.4495412844036697
0.02,20,0.015,0.015,0.004742833744163,5,60,23940,60,74,1.0,0.5522388059701493
0.02,20,0.015,0.015,0.004742833744163,6,60,23940,60,72,1.0,0.5454545454545454
0.02,20,0.015,0.015,0.004742833744163,7,60,23940,60,74,1.0,0.5522388059701493
0.02,20,0.015,0.015,0.004742833744163,8,60,23940,60,59,1.0,0.4957983193277311
0.02,20,0.015,0.015,0.004742833744163,9,60,23940,60,96,1.0,0.6153846153846154
0.02,20,0.02,0.02,0.0063126685373225,0,60,23940,60,88,1.0,0.5945945945945946
0.02,20,0.02,0.02,0.0063126685373225,1,60,23940,60,162,1.0,0.7297297297297297
0.02,20,0.02,0.02,0.0063126685373225,2,60,23940,60,75,1.0,0.5555555555555556
0.02,20,0.02,0.02,0.0063126685373225,3,60,23940,60,72,1.0,0.5454545454545454
0.02,20,0.02,0.02,0.0063126685373225,4,60,23940,60,87,1.0,0.5918367346938775
0.02,20,0.02,0.02,0.0063126685373225,5,60,23940,60,90,1.0,0.6
0.02,20,0.02,0.02,0.0063126685373225,6,60,23940,60,119,1.0,0.664804469273743
0.02,20,0.02,0.02,0.0063126685373225,7,60,23940,60,73,1.0,0.5488721804511278
0.02,20,0.02,0.02,0.0063126685373225,8,60,23940,60,185,1.0,0.7551020408163265
0.02,20,0.02,0.02,0.0063126685373225,9,60,23940,60,76,1.0,0.5588235294117647
0.02,20,0.03,0.03,0.0094570717326724,0,60,23940,60,210,1.0,0.7777777777777778
0.02,20,0.03,0.03,0.0094570717326724,1,60,23940,60,199,1.0,0.7683397683397684
0.02,20,0.03,0.03,0.0094570717326724,2,60,23940,60,177,1.0,0.7468354430379747
0.02,20,0.03,0.03,0.0094570717326724,3,60,23940,60,182,1.0,0.7520661157024794
0.02,20,0.03,0.03,0.0094570717326724,4,60,23940,60,242,1.0,0.8013245033112583
0.02,20,0.03,0.03,0.0094570717326724,5,60,23940,60,171,1.0,0.7402597402597403
0.02,20,0.03,0.03,0.0094570717326724,6,60,23940,60,170,1.0,0.7391304347826086
0.02,20,0.03,0.03,0.0094570717326724,7,60,23940,60,217,1.0,0.7833935018050542
0.02,20,0.03,0.03,0.0094570717326724,8,60,23940,60,171,1.0,0.7402597402597403
0.02,20,0.03,0.03,0.0094570717326724,9,60,23940,60,325,1.0,0.8441558441558441
0.02,20,0.05,0.05,0.0157515370451374,0,60,23940,60,560,1.0,0.9032258064516128
0.02,20,0.05,0.05,0.0157515370451374,1,60,23940,60,613,1.0,0.9108469539375929
0.02,20,0.05,0.05,0.0157515370451374,2,60,23940,60,490,1.0,0.8909090909090909
0.02,20,0.05,0.05,0.0157515370451374,3,60,23940,60,744,1.0,0.9253731343283582
0.02,20,0.05,0.05,0.0157515370451374,4,60,23940,60,624,1.0,0.912280701754386
0.02,20,0.05,0.05,0.0157515370451374,5,60,23940,60,650,1.0,0.9154929577464788
0.02,20,0.05,0.05,0.0157515370451374,6,60,23940,60,591,1.0,0.9078341013824884
0.02,20,0.05,0.05,0.0157515370451374,7,60,23940,60,455,1.0,0.883495145631068
0.02,20,0.05,0.05,0.0157515370451374,8,60,23940,60,507,1.0,0.8941798941798942
0.02,20,0.05,0.05,0.0157515370451374,9,60,23940,60,804,1.0,0.9305555555555556
0.02,50,0.0,0.0,0.0004247940677551,0,150,374850,149,4,0.9933333333333332,0.0261437908496732
0.02,50,0.0,0.0,0.0004247940677551,1,150,374850,150,1,1.0,0.0066225165562913
0.02,50,0.0,0.0,0.0004247940677551,2,150,374850,150,3,1.0,0.0196078431372549
0.02,50,0.0,0.0,0.0004247940677551,3,150,374850,150,7,1.0,0.0445859872611464
0.02,50,0.0,0.0,0.0004247940677551,4,150,374850,150,4,1.0,0.0259740259740259
0.02,50,0.0,0.0,0.0004247940677551,5,150,374850,150,8,1.0,0.050632911392405
0.02,50,0.0,0.0,0.0004247940677551,6,150,374850,150,6,1.0,0.0384615384615384
0.02,50,0.0,0.0,0.0004247940677551,7,150,374850,150,8,1.0,0.050632911392405
0.02,50,0.0,0.0,0.0004247940677551,8,150,374850,150,6,1.0,0.0384615384615384
0.02,50,0.0,0.0,0.0004247940677551,9,150,374850,150,5,1.0,0.032258064516129
0.02,50,0.005,0.005,0.0016308858027061,0,150,374850,150,65,1.0,0.3023255813953488
0.02,50,0.005,0.005,0.0016308858027061,1,150,374850,150,71,1.0,0.3212669683257919
0.02,50,0.005,0.005,0.0016308858027061,2,150,374850,150,77,1.0,0.3392070484581498
0.02,50,0.005,0.005,0.0016308858027061,3,150,374850,150,104,1.0,0.4094488188976378
0.02,50,0.005,0.005,0.0016308858027061,4,150,374850,150,64,1.0,0.2990654205607476
0.02,50,0.005,0.005,0.0016308858027061,5,150,374850,150,53,1.0,0.2610837438423645
0.02,50,0.005,0.005,0.0016308858027061,6,150,374850,150,100,1.0,0.4
0.02,50,0.005,0.005,0.0016308858027061,7,150,374850,150,70,1.0,0.3181818181818182
0.02,50,0.005,0.005,0.0016308858027061,8,150,374850,150,98,1.0,0.3951612903225806
0.02,50,0.005,0.005,0.0016308858027061,9,150,374850,150,55,1.0,0.2682926829268293
0.02,50,0.01,0.01,0.0031777035588293,0,150,374850,150,385,1.0,0.719626168224299
0.02,50,0.01,0.01,0.0031777035588293,1,150,374850,150,313,1.0,0.6760259179265659
0.02,50,0.01,0.01,0.0031777035588293,2,150,374850,150,269,1.0,0.6420047732696897
0.02,50,0.01,0.01,0.0031777035588293,3,150,374850,150,286,1.0,0.6559633027522935
0.02,50,0.01,0.01,0.0031777035588293,4,150,374850,150,272,1.0,0.6445497630331753
0.02,50,0.01,0.01,0.0031777035588293,5,150,374850,150,259,1.0,0.6332518337408313
0.02,50,0.01,0.01,0.0031777035588293,6,150,374850,150,310,1.0,0.6739130434782609
0.02,50,0.01,0.01,0.0031777035588293,7,150,374850,150,317,1.0,0.6788008565310493
0.02,50,0.01,0.01,0.0031777035588293,8,150,374850,150,269,1.0,0.6420047732696897
0.02,50,0.01,0.01,0.0031777035588293,9,150,374850,150,302,1.0,0.668141592920354
0.02,50,0.015,0.015,0.004742833744163,0,150,374850,150,760,1.0,0.8351648351648352
0.02,50,0.015,0.015,0.004742833744163,1,150,374850,150,705,1.0,0.8245614035087719
0.02,50,0.015,0.015,0.004742833744163,2,150,374850,150,722,1.0,0.8279816513761468
0.02,50,0.015,0.015,0.004742833744163,3,150,374850,150,649,1.0,0.8122653316645807
0.02,50,0.015,0.015,0.004742833744163,4,150,374850,150,691,1.0,0.821640903686088
0.02,50,0.015,0.015,0.004742833744163,5,150,374850,150,627,1.0,0.806949806949807
0.02,50,0.015,0.015,0.004742833744163,6,150,374850,150,567,1.0,0.7907949790794979
0.02,50,0.015,0.015,0.004742833744163,7,150,374850,150,707,1.0,0.8249708284714119
0.02,50,0.015,0.015,0.004742833744163,8,150,374850,150,671,1.0,0.8172959805115713
0.02,50,0.015,0.015,0.004742833744163,9,150,374850,149,651,0.9933333333333332,0.81375
0.02,50,0.02,0.02,0.0063126685373225,0,150,374850,150,1470,1.0,0.9074074074074074
0.02,50,0.02,0.02,0.0063126685373225,1,150,374850,150,1156,1.0,0.885145482388974
0.02,50,0.02,0.02,0.0063126685373225,2,150,374850,150,1298,1.0,0.8964088397790055
0.02,50,0.02,0.02,0.0063126685373225,3,150,374850,150,1399,1.0,0.9031633311814072
0.02,50,0.02,0.02,0.0063126685373225,4,150,374850,150,1271,1.0,0.8944405348346235
0.02,50,0.02,0.02,0.0063126685373225,5,150,374850,150,1277,1.0,0.8948843728100911
0.02,50,0.02,0.02,0.0063126685373225,6,150,374850,150,1350,1.0,0.9
0.02,50,0.02,0.02,0.0063126685373225,7,150,374850,150,1199,1.0,0.8888065233506302
0.02,50,0.02,0.02,0.0063126685373225,8,150,374850,150,1257,1.0,0.8933901918976546
0.02,50,0.02,0.02,0.0063126685373225,9,150,374850,150,1356,1.0,0.900398406374502
0.02,50,0.03,0.03,0.0094570717326724,0,150,374850,150,2694,1.0,0.9472573839662448
0.02,50,0.03,0.03,0.0094570717326724,1,150,374850,150,2492,1.0,0.9432248296744892
0.02,50,0.03,0.03,0.0094570717326724,2,150,374850,150,2268,1.0,0.9379652605459056
0.02,50,0.03,0.03,0.0094570717326724,3,150,374850,150,2873,1.0,0.9503804168044988
0.02,50,0.03,0.03,0.0094570717326724,4,150,374850,150,2874,1.0,0.9503968253968254
0.02,50,0.03,0.03,0.0094570717326724,5,150,374850,150,2321,1.0,0.9392958316471064
0.02,50,0.03,0.03,0.0094570717326724,6,150,374850,150,2577,1.0,0.944994499449945
0.02,50,0.03,0.03,0.0094570717326724,7,150,374850,150,2630,1.0,0.946043165467626
0.02,50,0.03,0.03,0.0094570717326724,8,150,374850,150,2825,1.0,0.9495798319327732
0.02,50,0.03,0.03,0.0094570717326724,9,150,374850,150,2570,1.0,0.9448529411764706
0.02,50,0.05,0.05,0.0157515370451374,0,150,374850,150,7321,1.0,0.9799223664837372
0.02,50,0.05,0.05,0.0157515370451374,1,150,374850,150,7415,1.0,0.9801718440185064
0.02,50,0.05,0.05,0.0157515370451374,2,150,374850,150,6507,1.0,0.9774673276250564
0.02,50,0.05,0.05,0.0157515370451374,3,150,374850,150,7361,1.0,0.980029290374118
0.02,50,0.05,0.05,0.0157515370451374,4,150,374850,150,9994,1.0,0.9852129337539433
0.02,50,0.05,0.05,0.0157515370451374,5,150,374850,150,7461,1.0,0.980291683090264
0.02,50,0.05,0.05,0.0157515370451374,6,150,374850,150,7463,1.0,0.9802968606331276
0.02,50,0.05,0.05,0.0157515370451374,7,150,374850,150,8252,1.0,0.9821471078314687
0.02,50,0.05,0.05,0.0157515370451374,8,150,374850,150,8003,1.0,0.9816018643444132
0.02,50,0.05,0.05,0.0157515370451374,9,150,374850,150,8552,1.0,0.9827625833141806
0.02,100,0.0,0.0,0.0004247940677551,0,300,2999700,300,29,1.0,0.0881458966565349
0.02,100,0.0,0.0,0.0004247940677551,1,300,2999700,300,44,1.0,0.127906976744186
0.02,100,0.0,0.0,0.0004247940677551,2,300,2999700,300,32,1.0,0.0963855421686747
0.02,100,0.0,0.0,0.0004247940677551,3,300,2999700,300,28,1.0,0.0853658536585365
0.02,100,0.0,0.0,0.0004247940677551,4,300,2999700,300,48,1.0,0.1379310344827586
0.02,100,0.0,0.0,0.0004247940677551,5,300,2999700,300,51,1.0,0.1452991452991453
0.02,100,0.0,0.0,0.0004247940677551,6,300,2999700,300,66,1.0,0.180327868852459
0.02,100,0.0,0.0,0.0004247940677551,7,300,2999700,300,46,1.0,0.1329479768786127
0.02,100,0.0,0.0,0.0004247940677551,8,300,2999700,300,32,1.0,0.0963855421686747
0.02,100,0.0,0.0,0.0004247940677551,9,300,2999700,300,43,1.0,0.1253644314868804
0.02,100,0.005,0.005,0.0016308858027061,0,300,2999700,300,627,1.0,0.6763754045307443
0.02,100,0.005,0.005,0.0016308858027061,1,300,2999700,300,707,1.0,0.702085402184707
0.02,100,0.005,0.005,0.0016308858027061,2,300,2999700,300,693,1.0,0.6978851963746223
0.02,100,0.005,0.005,0.0016308858027061,3,300,2999700,300,544,1.0,0.6445497630331753
0.02,100,0.005,0.005,0.0016308858027061,4,300,2999700,300,648,1.0,0.6835443037974683
0.02,100,0.005,0.005,0.0016308858027061,5,300,2999700,300,547,1.0,0.6458087367178277
0.02,100,0.005,0.005,0.0016308858027061,6,300,2999700,300,553,1.0,0.6483001172332943
0.02,100,0.005,0.005,0.0016308858027061,7,300,2999700,300,586,1.0,0.6613995485327314
0.02,100,0.005,0.005,0.0016308858027061,8,300,2999700,300,556,1.0,0.6495327102803738
0.02,100,0.005,0.005,0.0016308858027061,9,300,2999700,300,610,1.0,0.6703296703296703
0.02,100,0.01,0.01,0.0031777035588293,0,300,2999700,300,2059,1.0,0.8728274692666385
0.02,100,0.01,0.01,0.0031777035588293,1,300,2999700,300,2508,1.0,0.8931623931623932
0.02,100,0.01,0.01,0.0031777035588293,2,300,2999700,300,2342,1.0,0.886449659348978
0.02,100,0.01,0.01,0.0031777035588293,3,300,2999700,300,2272,1.0,0.8833592534992224
0.02,100,0.01,0.01,0.0031777035588293,4,300,2999700,300,2267,1.0,0.8831320607713284
0.02,100,0.01,0.01,0.0031777035588293,5,300,2999700,300,2493,1.0,0.8925886143931256
0.02,100,0.01,0.01,0.0031777035588293,6,300,2999700,299,2289,0.9966666666666668,0.884466769706337
0.02,100,0.01,0.01,0.0031777035588293,7,300,2999700,300,2473,1.0,0.8918139199423007
0.02,100,0.01,0.01,0.0031777035588293,8,300,2999700,300,2197,1.0,0.8798558269923908
0.02,100,0.01,0.01,0.0031777035588293,9,300,2999700,300,2096,1.0,0.8747913188647746
0.02,100,0.015,0.015,0.004742833744163,0,300,2999700,300,4997,1.0,0.943364168397206
0.02,100,0.015,0.015,0.004742833744163,1,300,2999700,300,5231,1.0,0.9457602603507504
0.02,100,0.015,0.015,0.004742833744163,2,300,2999700,300,5179,1.0,0.9452454827523272
0.02,100,0.015,0.015,0.004742833744163,3,300,2999700,300,5593,1.0,0.9490921432207704
0.02,100,0.015,0.015,0.004742833744163,4,300,2999700,300,4309,1.0,0.9349099587763072
0.02,100,0.015,0.015,0.004742833744163,5,300,2999700,300,5116,1.0,0.9446085672082718
0.02,100,0.015,0.015,0.004742833744163,6,300,2999700,300,4892,1.0,0.9422187981510016
0.02,100,0.015,0.015,0.004742833744163,7,300,2999700,300,4805,1.0,0.941234084231146
0.02,100,0.015,0.015,0.004742833744163,8,300,2999700,300,5206,1.0,0.9455139847439156
0.02,100,0.015,0.015,0.004742833744163,9,300,2999700,300,5309,1.0,0.9465145302192904
0.02,100,0.02,0.02,0.0063126685373225,0,300,2999700,300,8548,1.0,0.9660940325497288
0.02,100,0.02,0.02,0.0063126685373225,1,300,2999700,300,8324,1.0,0.9652133580705008
0.02,100,0.02,0.02,0.0063126685373225,2,300,2999700,300,9526,1.0,0.9694687563606758
0.02,100,0.02,0.02,0.0063126685373225,3,300,2999700,300,8966,1.0,0.9676235700410102
0.02,100,0.02,0.02,0.0063126685373225,4,300,2999700,300,8249,1.0,0.9649081763949
0.02,100,0.02,0.02,0.0063126685373225,5,300,2999700,300,8550,1.0,0.9661016949152542
0.02,100,0.02,0.02,0.0063126685373225,6,300,2999700,300,8573,1.0,0.9661895638453736
0.02,100,0.02,0.02,0.0063126685373225,7,300,2999700,300,8998,1.0,0.9677349967734996
0.02,100,0.02,0.02,0.0063126685373225,8,300,2999700,300,9188,1.0,0.968381112984823
0.02,100,0.02,0.02,0.0063126685373225,9,300,2999700,300,9005,1.0,0.967759269210102
0.02,100,0.03,0.03,0.0094570717326724,0,300,2999700,300,19887,1.0,0.9851389508099272
0.02,100,0.03,0.03,0.0094570717326724,1,300,2999700,300,22834,1.0,0.987032074003631
0.02,100,0.03,0.03,0.0094570717326724,2,300,2999700,300,17609,1.0,0.9832486459322128
0.02,100,0.03,0.03,0.0094570717326724,3,300,2999700,300,23106,1.0,0.9871827736477826
0.02,100,0.03,0.03,0.0094570717326724,4,300,2999700,300,19874,1.0,0.9851293744423516
0.02,100,0.03,0.03,0.0094570717326724,5,300,2999700,300,18365,1.0,0.98392713635146
0.02,100,0.03,0.03,0.0094570717326724,6,300,2999700,300,18321,1.0,0.983889157402932
0.02,100,0.03,0.03,0.0094570717326724,7,300,2999700,300,20901,1.0,0.9858497240696192
0.02,100,0.03,0.03,0.0094570717326724,8,300,2999700,300,21029,1.0,0.9859346429743542
0.02,100,0.03,0.03,0.0094570717326724,9,300,2999700,300,19544,1.0,0.984882080225761
0.02,100,0.05,0.05,0.0157515370451374,0,300,2999700,300,58527,1.0,0.994900300882248
0.02,100,0.05,0.05,0.0157515370451374,1,300,2999700,300,54467,1.0,0.9945222487994596
0.02,100,0.05,0.05,0.0157515370451374,2,300,2999700,300,60832,1.0,0.9950925865340574
0.02,100,0.05,0.05,0.0157515370451374,3,300,2999700,300,45227,1.0,0.9934105036571704
0.02,100,0.05,0.05,0.0157515370451374,4,300,2999700,300,54084,1.0,0.9944836716681376
0.02,100,0.05,0.05,0.0157515370451374,5,300,2999700,300,60405,1.0,0.9950580677044724
0.02,100,0.05,0.05,0.0157515370451374,6,300,2999700,300,46933,1.0,0.9936485084580696
0.02,100,0.05,0.05,0.0157515370451374,7,300,2999700,300,51897,1.0,0.994252543249612
0.02,100,0.05,0.05,0.0157515370451374,8,300,2999700,300,52424,1.0,0.9943099916546544
0.02,100,0.05,0.05,0.0157515370451374,9,300,2999700,300,51570,1.0,0.9942163100057836
0.2,10,0.0,0.0,0.0004247940677551,0,30,2970,30,0,1.0,0.0
0.2,10,0.0,0.0,0.0004247940677551,1,30,2970,30,0,1.0,0.0
0.2,10,0.0,0.0,0.0004247940677551,2,30,2970,30,0,1.0,0.0
0.2,10,0.0,0.0,0.0004247940677551,3,30,2970,30,0,1.0,0.0
0.2,10,0.0,0.0,0.0004247940677551,4,30,2970,30,0,1.0,0.0
0.2,10,0.0,0.0,0.0004247940677551,5,30,2970,30,0,1.0,0.0
0.2,10,0.0,0.0,0.0004247940677551,6,30,2970,30,0,1.0,0.0
0.2,10,0.0,0.0,0.0004247940677551,7,30,2970,30,0,1.0,0.0
0.2,10,0.0,0.0,0.0004247940677551,8,30,2970,30,0,1.0,0.0
0.2,10,0.0,0.0,0.0004247940677551,9,30,2970,30,0,1.0,0.0
0.2,10,0.005,0.005,0.0016308858027061,0,30,2970,30,0,1.0,0.0
0.2,10,0.005,0.005,0.0016308858027061,1,30,2970,30,0,1.0,0.0
0.2,10,0.005,0.005,0.0016308858027061,2,30,2970,30,0,1.0,0.0
0.2,10,0.005,0.005,0.0016308858027061,3,30,2970,30,0,1.0,0.0
0.2,10,0.005,0.005,0.0016308858027061,4,30,2970,30,0,1.0,0.0
0.2,10,0.005,0.005,0.0016308858027061,5,30,2970,30,0,1.0,0.0
0.2,10,0.005,0.005,0.0016308858027061,6,30,2970,30,0,1.0,0.0
0.2,10,0.005,0.005,0.0016308858027061,7,30,2970,30,0,1.0,0.0
0.2,10,0.005,0.005,0.0016308858027061,8,30,2970,30,0,1.0,0.0
0.2,10,0.005,0.005,0.0016308858027061,9,30,2970,30,0,1.0,0.0
0.2,10,0.01,0.01,0.0031777035588293,0,30,2970,30,0,1.0,0.0
0.2,10,0.01,0.01,0.0031777035588293,1,30,2970,30,0,1.0,0.0
0.2,10,0.01,0.01,0.0031777035588293,2,30,2970,30,0,1.0,0.0
0.2,10,0.01,0.01,0.0031777035588293,3,30,2970,29,0,0.9666666666666668,0.0
0.2,10,0.01,0.01,0.0031777035588293,4,30,2970,30,0,1.0,0.0
0.2,10,0.01,0.01,0.0031777035588293,5,30,2970,30,0,1.0,0.0
0.2,10,0.01,0.01,0.0031777035588293,6,30,2970,30,0,1.0,0.0
0.2,10,0.01,0.01,0.0031777035588293,7,30,2970,30,0,1.0,0.0
0.2,10,0.01,0.01,0.0031777035588293,8,30,2970,30,0,1.0,0.0
0.2,10,0.01,0.01,0.0031777035588293,9,30,2970,30,0,1.0,0.0
0.2,10,0.015,0.015,0.004742833744163,0,30,2970,30,0,1.0,0.0
0.2,10,0.015,0.015,0.004742833744163,1,30,2970,30,0,1.0,0.0
0.2,10,0.015,0.015,0.004742833744163,2,30,2970,30,0,1.0,0.0
0.2,10,0.015,0.015,0.004742833744163,3,30,2970,30,0,1.0,0.0
0.2,10,0.015,0.015,0.004742833744163,4,30,2970,30,0,1.0,0.0
0.2,10,0.015,0.015,0.004742833744163,5,30,2970,30,0,1.0,0.0
0.2,10,0.015,0.015,0.004742833744163,6,30,2970,30,0,1.0,0.0
0.2,10,0.015,0.015,0.004742833744163,7,30,2970,30,0,1.0,0.0
0.2,10,0.015,0.015,0.004742833744163,8,30,2970,30,0,1.0,0.0
0.2,10,0.015,0.015,0.004742833744163,9,30,2970,30,0,1.0,0.0
0.2,10,0.02,0.02,0.0063126685373225,0,30,2970,30,0,1.0,0.0
0.2,10,0.02,0.02,0.0063126685373225,1,30,2970,30,0,1.0,0.0
0.2,10,0.02,0.02,0.0063126685373225,2,30,2970,30,0,1.0,0.0
0.2,10,0.02,0.02,0.0063126685373225,3,30,2970,30,0,1.0,0.0
0.2,10,0.02,0.02,0.0063126685373225,4,30,2970,30,0,1.0,0.0
0.2,10,0.02,0.02,0.0063126685373225,5,30,2970,30,0,1.0,0.0
0.2,10,0.02,0.02,0.0063126685373225,6,30,2970,30,0,1.0,0.0
0.2,10,0.02,0.02,0.0063126685373225,7,30,2970,30,0,1.0,0.0
0.2,10,0.02,0.02,0.0063126685373225,8,30,2970,30,0,1.0,0.0
0.2,10,0.02,0.02,0.0063126685373225,9,30,2970,30,0,1.0,0.0
0.2,10,0.03,0.03,0.0094570717326724,0,30,2970,30,1,1.0,0.032258064516129
0.2,10,0.03,0.03,0.0094570717326724,1,30,2970,30,0,1.0,0.0
0.2,10,0.03,0.03,0.0094570717326724,2,30,2970,30,0,1.0,0.0
0.2,10,0.03,0.03,0.0094570717326724,3,30,2970,30,0,1.0,0.0
0.2,10,0.03,0.03,0.0094570717326724,4,30,2970,30,0,1.0,0.0
0.2,10,0.03,0.03,0.0094570717326724,5,30,2970,30,0,1.0,0.0
0.2,10,0.03,0.03,0.0094570717326724,6,30,2970,30,0,1.0,0.0
0.2,10,0.03,0.03,0.0094570717326724,7,30,2970,30,1,1.0,0.032258064516129
0.2,10,0.03,0.03,0.0094570717326724,8,30,2970,30,0,1.0,0.0
0.2,10,0.03,0.03,0.0094570717326724,9,30,2970,30,0,1.0,0.0
0.2,10,0.05,0.05,0.0157515370451374,0,30,2970,30,11,1.0,0.2682926829268293
0.2,10,0.05,0.05,0.0157515370451374,1,30,2970,30,0,1.0,0.0
0.2,10,0.05,0.05,0.0157515370451374,2,30,2970,30,0,1.0,0.0
0.2,10,0.05,0.05,0.0157515370451374,3,30,2970,30,2,1.0,0.0625
0.2,10,0.05,0.05,0.0157515370451374,4,30,2970,30,1,1.0,0.032258064516129
0.2,10,0.05,0.05,0.0157515370451374,5,30,2970,30,0,1.0,0.0
0.2,10,0.05,0.05,0.0157515370451374,6,30,2970,30,0,1.0,0.0
0.2,10,0.05,0.05,0.0157515370451374,7,30,2970,30,1,1.0,0.032258064516129
0.2,10,0.05,0.05,0.0157515370451374,8,30,2970,30,1,1.0,0.032258064516129
0.2,10,0.05,0.05,0.0157515370451374,9,30,2970,30,0,1.0,0.0
0.2,20,0.0,0.0,0.0004247940677551,0,60,23940,60,0,1.0,0.0
0.2,20,0.0,0.0,0.0004247940677551,1,60,23940,60,0,1.0,0.0
0.2,20,0.0,0.0,0.0004247940677551,2,60,23940,60,0,1.0,0.0
0.2,20,0.0,0.0,0.0004247940677551,3,60,23940,60,0,1.0,0.0
0.2,20,0.0,0.0,0.0004247940677551,4,60,23940,60,0,1.0,0.0
0.2,20,0.0,0.0,0.0004247940677551,5,60,23940,60,0,1.0,0.0
0.2,20,0.0,0.0,0.0004247940677551,6,60,23940,60,0,1.0,0.0
0.2,20,0.0,0.0,0.0004247940677551,7,60,23940,60,0,1.0,0.0
0.2,20,0.0,0.0,0.0004247940677551,8,60,23940,60,0,1.0,0.0
0.2,20,0.0,0.0,0.0004247940677551,9,60,23940,60,0,1.0,0.0
0.2,20,0.005,0.005,0.0016308858027061,0,60,23940,60,0,1.0,0.0
0.2,20,0.005,0.005,0.0016308858027061,1,60,23940,60,0,1.0,0.0
0.2,20,0.005,0.005,0.0016308858027061,2,60,23940,60,0,1.0,0.0
0.2,20,0.005,0.005,0.0016308858027061,3,60,23940,60,0,1.0,0.0
0.2,20,0.005,0.005,0.0016308858027061,4,60,23940,60,0,1.0,0.0
0.2,20,0.005,0.005,0.0016308858027061,5,60,23940,60,0,1.0,0.0
0.2,20,0.005,0.005,0.0016308858027061,6,60,23940,60,0,1.0,0.0
0.2,20,0.005,0.005,0.0016308858027061,7,60,23940,60,1,1.0,0.0163934426229508
0.2,20,0.005,0.005,0.0016308858027061,8,60,23940,60,0,1.0,0.0
0.2,20,0.005,0.005,0.0016308858027061,9,60,23940,60,0,1.0,0.0
0.2,20,0.01,0.01,0.0031777035588293,0,60,23940,60,1,1.0,0.0163934426229508
0.2,20,0.01,0.01,0.0031777035588293,1,60,23940,60,0,1.0,0.0
0.2,20,0.01,0.01,0.0031777035588293,2,60,23940,60,0,1.0,0.0
0.2,20,0.01,0.01,0.0031777035588293,3,60,23940,60,0,1.0,0.0
0.2,20,0.01,0.01,0.0031777035588293,4,60,23940,60,0,1.0,0.0
0.2,20,0.01,0.01,0.0031777035588293,5,60,23940,60,0,1.0,0.0
0.2,20,0.01,0.01,0.0031777035588293,6,60,23940,60,0,1.0,0.0
0.2,20,0.01,0.01,0.0031777035588293,7,60,23940,60,0,1.0,0.0
0.2,20,0.01,0.01,0.0031777035588293,8,60,23940,60,0,1.0,0.0
0.2,20,0.01,0.01,0.0031777035588293,9,60,23940,60,0,1.0,0.0
0.2,20,0.015,0.015,0.004742833744163,0,60,23940,60,0,1.0,0.0
0.2,20,0.015,0.015,0.004742833744163,1,60,23940,60,0,1.0,0.0
0.2,20,0.015,0.015,0.004742833744163,2,60,23940,60,0,1.0,0.0
0.2,20,0.015,0.015,0.004742833744163,3,60,23940,60,0,1.0,0.0
0.2,20,0.015,0.015,0.004742833744163,4,60,23940,60,0,1.0,0.0
0.2,20,0.015,0.015,0.004742833744163,5,60,23940,60,0,1.0,0.0
0.2,20,0.015,0.015,0.004742833744163,6,60,23940,60,0,1.0,0.0
0.2,20,0.015,0.015,0.004742833744163,7,60,23940,60,1,1.0,0.0163934426229508
0.2,20,0.015,0.015,0.004742833744163,8,60,23940,60,1,1.0,0.0163934426229508
0.2,20,0.015,0.015,0.004742833744163,9,60,23940,60,0,1.0,0.0
0.2,20,0.02,0.02,0.0063126685373225,0,60,23940,60,1,1.0,0.0163934426229508
0.2,20,0.02,0.02,0.0063126685373225,1,60,23940,60,0,1.0,0.0
0.2,20,0.02,0.02,0.0063126685373225,2,60,23940,60,0,1.0,0.0
0.2,20,0.02,0.02,0.0063126685373225,3,60,23940,60,0,1.0,0.0
0.2,20,0.02,0.02,0.0063126685373225,4,60,23940,60,1,1.0,0.0163934426229508
0.2,20,0.02,0.02,0.0063126685373225,5,60,23940,60,0,1.0,0.0
0.2,20,0.02,0.02,0.0063126685373225,6,60,23940,60,5,1.0,0.0769230769230769
0.2,20,0.02,0.02,0.0063126685373225,7,60,23940,60,0,1.0,0.0
0.2,20,0.02,0.02,0.0063126685373225,8,60,23940,60,0,1.0,0.0
0.2,20,0.02,0.02,0.0063126685373225,9,60,23940,60,0,1.0,0.0
0.2,20,0.03,0.03,0.0094570717326724,0,60,23940,60,1,1.0,0.0163934426229508
0.2,20,0.03,0.03,0.0094570717326724,1,60,23940,60,1,1.0,0.0163934426229508
0.2,20,0.03,0.03,0.0094570717326724,2,60,23940,60,5,1.0,0.0769230769230769
0.2,20,0.03,0.03,0.0094570717326724,3,60,23940,60,4,1.0,0.0625
0.2,20,0.03,0.03,0.0094570717326724,4,60,23940,60,0,1.0,0.0
0.2,20,0.03,0.03,0.0094570717326724,5,60,23940,60,0,1.0,0.0
0.2,20,0.03,0.03,0.0094570717326724,6,60,23940,60,1,1.0,0.0163934426229508
0.2,20,0.03,0.03,0.0094570717326724,7,60,23940,60,7,1.0,0.1044776119402985
0.2,20,0.03,0.03,0.0094570717326724,8,60,23940,60,4,1.0,0.0625
0.2,20,0.03,0.03,0.0094570717326724,9,60,23940,60,6,1.0,0.0909090909090909
0.2,20,0.05,0.05,0.0157515370451374,0,60,23940,60,3,1.0,0.0476190476190476
0.2,20,0.05,0.05,0.0157515370451374,1,60,23940,60,8,1.0,0.1176470588235294
0.2,20,0.05,0.05,0.0157515370451374,2,60,23940,60,2,1.0,0.032258064516129
0.2,20,0.05,0.05,0.0157515370451374,3,60,23940,60,5,1.0,0.0769230769230769
0.2,20,0.05,0.05,0.0157515370451374,4,60,23940,60,6,1.0,0.0909090909090909
0.2,20,0.05,0.05,0.0157515370451374,5,60,23940,60,6,1.0,0.0909090909090909
0.2,20,0.05,0.05,0.0157515370451374,6,60,23940,60,6,1.0,0.0909090909090909
0.2,20,0.05,0.05,0.0157515370451374,7,60,23940,60,2,1.0,0.032258064516129
0.2,20,0.05,0.05,0.0157515370451374,8,60,23940,60,3,1.0,0.0476190476190476
0.2,20,0.05,0.05,0.0157515370451374,9,60,23940,60,9,1.0,0.1304347826086956
0.2,50,0.0,0.0,0.0004247940677551,0,150,374850,150,0,1.0,0.0
0.2,50,0.0,0.0,0.0004247940677551,1,150,374850,150,0,1.0,0.0
0.2,50,0.0,0.0,0.0004247940677551,2,150,374850,150,0,1.0,0.0
0.2,50,0.0,0.0,0.0004247940677551,3,150,374850,150,0,1.0,0.0
0.2,50,0.0,0.0,0.0004247940677551,4,150,374850,150,0,1.0,0.0
0.2,50,0.0,0.0,0.0004247940677551,5,150,374850,150,0,1.0,0.0
0.2,50,0.0,0.0,0.0004247940677551,6,150,374850,149,0,0.9933333333333332,0.0
0.2,50,0.0,0.0,0.0004247940677551,7,150,374850,150,0,1.0,0.0
0.2,50,0.0,0.0,0.0004247940677551,8,150,374850,150,0,1.0,0.0
0.2,50,0.0,0.0,0.0004247940677551,9,150,374850,150,1,1.0,0.0066225165562913
0.2,50,0.005,0.005,0.0016308858027061,0,150,374850,150,0,1.0,0.0
0.2,50,0.005,0.005,0.0016308858027061,1,150,374850,150,0,1.0,0.0
0.2,50,0.005,0.005,0.0016308858027061,2,150,374850,150,0,1.0,0.0
0.2,50,0.005,0.005,0.0016308858027061,3,150,374850,150,2,1.0,0.0131578947368421
0.2,50,0.005,0.005,0.0016308858027061,4,150,374850,150,0,1.0,0.0
0.2,50,0.005,0.005,0.0016308858027061,5,150,374850,150,0,1.0,0.0
0.2,50,0.005,0.005,0.0016308858027061,6,150,374850,150,0,1.0,0.0
0.2,50,0.005,0.005,0.0016308858027061,7,150,374850,150,2,1.0,0.0131578947368421
0.2,50,0.005,0.005,0.0016308858027061,8,150,374850,150,4,1.0,0.0259740259740259
0.2,50,0.005,0.005,0.0016308858027061,9,150,374850,150,0,1.0,0.0
0.2,50,0.01,0.01,0.0031777035588293,0,150,374850,150,0,1.0,0.0
0.2,50,0.01,0.01,0.0031777035588293,1,150,374850,150,1,1.0,0.0066225165562913
0.2,50,0.01,0.01,0.0031777035588293,2,150,374850,150,5,1.0,0.032258064516129
0.2,50,0.01,0.01,0.0031777035588293,3,150,374850,150,2,1.0,0.0131578947368421
0.2,50,0.01,0.01,0.0031777035588293,4,150,374850,150,0,1.0,0.0
0.2,50,0.01,0.01,0.0031777035588293,5,150,374850,150,7,1.0,0.0445859872611464
0.2,50,0.01,0.01,0.0031777035588293,6,150,374850,150,1,1.0,0.0066225165562913
0.2,50,0.01,0.01,0.0031777035588293,7,150,374850,150,1,1.0,0.0066225165562913
0.2,50,0.01,0.01,0.0031777035588293,8,150,374850,150,5,1.0,0.032258064516129
0.2,50,0.01,0.01,0.0031777035588293,9,150,374850,150,1,1.0,0.0066225165562913
0.2,50,0.015,0.015,0.004742833744163,0,150,374850,150,4,1.0,0.0259740259740259
0.2,50,0.015,0.015,0.004742833744163,1,150,374850,150,10,1.0,0.0625
0.2,50,0.015,0.015,0.004742833744163,2,150,374850,150,8,1.0,0.050632911392405
0.2,50,0.015,0.015,0.004742833744163,3,150,374850,150,5,1.0,0.032258064516129
0.2,50,0.015,0.015,0.004742833744163,4,150,374850,150,22,1.0,0.127906976744186
0.2,50,0.015,0.015,0.004742833744163,5,150,374850,150,12,1.0,0.074074074074074
0.2,50,0.015,0.015,0.004742833744163,6,150,374850,150,3,1.0,0.0196078431372549
0.2,50,0.015,0.015,0.004742833744163,7,150,374850,150,1,1.0,0.0066225165562913
0.2,50,0.015,0.015,0.004742833744163,8,150,374850,150,6,1.0,0.0384615384615384
0.2,50,0.015,0.015,0.004742833744163,9,150,374850,150,15,1.0,0.0909090909090909
0.2,50,0.02,0.02,0.0063126685373225,0,150,374850,150,13,1.0,0.0797546012269938
0.2,50,0.02,0.02,0.0063126685373225,1,150,374850,150,16,1.0,0.0963855421686747
0.2,50,0.02,0.02,0.0063126685373225,2,150,374850,150,17,1.0,0.1017964071856287
0.2,50,0.02,0.02,0.0063126685373225,3,150,374850,150,16,1.0,0.0963855421686747
0.2,50,0.02,0.02,0.0063126685373225,4,150,374850,150,15,1.0,0.0909090909090909
0.2,50,0.02,0.02,0.0063126685373225,5,150,374850,150,30,1.0,0.1666666666666666
0.2,50,0.02,0.02,0.0063126685373225,6,150,374850,150,15,1.0,0.0909090909090909
0.2,50,0.02,0.02,0.0063126685373225,7,150,374850,150,17,1.0,0.1017964071856287
0.2,50,0.02,0.02,0.0063126685373225,8,150,374850,150,16,1.0,0.0963855421686747
0.2,50,0.02,0.02,0.0063126685373225,9,150,374850,150,9,1.0,0.0566037735849056
0.2,50,0.03,0.03,0.0094570717326724,0,150,374850,150,36,1.0,0.1935483870967742
0.2,50,0.03,0.03,0.0094570717326724,1,150,374850,150,40,1.0,0.2105263157894736
0.2,50,0.03,0.03,0.0094570717326724,2,150,374850,150,24,1.0,0.1379310344827586
0.2,50,0.03,0.03,0.0094570717326724,3,150,374850,150,17,1.0,0.1017964071856287
0.2,50,0.03,0.03,0.0094570717326724,4,150,374850,150,38,1.0,0.202127659574468
0.2,50,0.03,0.03,0.0094570717326724,5,150,374850,150,19,1.0,0.1124260355029585
0.2,50,0.03,0.03,0.0094570717326724,6,150,374850,150,27,1.0,0.1525423728813559
0.2,50,0.03,0.03,0.0094570717326724,7,150,374850,150,25,1.0,0.1428571428571428
0.2,50,0.03,0.03,0.0094570717326724,8,150,374850,150,30,1.0,0.1666666666666666
0.2,50,0.03,0.03,0.0094570717326724,9,150,374850,150,22,1.0,0.127906976744186
0.2,50,0.05,0.05,0.0157515370451374,0,150,374850,150,95,1.0,0.3877551020408163
0.2,50,0.05,0.05,0.0157515370451374,1,150,374850,150,91,1.0,0.3775933609958506
0.2,50,0.05,0.05,0.0157515370451374,2,150,374850,150,90,1.0,0.375
0.2,50,0.05,0.05,0.0157515370451374,3,150,374850,150,93,1.0,0.382716049382716
0.2,50,0.05,0.05,0.0157515370451374,4,150,374850,150,103,1.0,0.4071146245059288
0.2,50,0.05,0.05,0.0157515370451374,5,150,374850,150,69,1.0,0.3150684931506849
0.2,50,0.05,0.05,0.0157515370451374,6,150,374850,150,98,1.0,0.3951612903225806
0.2,50,0.05,0.05,0.0157515370451374,7,150,374850,150,93,1.0,0.382716049382716
0.2,50,0.05,0.05,0.0157515370451374,8,150,374850,150,88,1.0,0.3697478991596639
0.2,50,0.05,0.05,0.0157515370451374,9,150,374850,150,77,1.0,0.3392070484581498
0.2,100,0.0,0.0,0.0004247940677551,0,300,2999700,300,0,1.0,0.0
0.2,100,0.0,0.0,0.0004247940677551,1,300,2999700,300,1,1.0,0.0033222591362126
0.2,100,0.0,0.0,0.0004247940677551,2,300,2999700,300,0,1.0,0.0
0.2,100,0.0,0.0,0.0004247940677551,3,300,2999700,300,1,1.0,0.0033222591362126
0.2,100,0.0,0.0,0.0004247940677551,4,300,2999700,300,0,1.0,0.0
0.2,100,0.0,0.0,0.0004247940677551,5,300,2999700,300,1,1.0,0.0033222591362126
0.2,100,0.0,0.0,0.0004247940677551,6,300,2999700,300,1,1.0,0.0033222591362126
0.2,100,0.0,0.0,0.0004247940677551,7,300,2999700,300,2,1.0,0.0066225165562913
0.2,100,0.0,0.0,0.0004247940677551,8,300,2999700,300,0,1.0,0.0
0.2,100,0.0,0.0,0.0004247940677551,9,300,2999700,300,0,1.0,0.0
0.2,100,0.005,0.005,0.0016308858027061,0,300,2999700,300,8,1.0,0.0259740259740259
0.2,100,0.005,0.005,0.0016308858027061,1,300,2999700,300,10,1.0,0.032258064516129
0.2,100,0.005,0.005,0.0016308858027061,2,300,2999700,300,2,1.0,0.0066225165562913
0.2,100,0.005,0.005,0.0016308858027061,3,300,2999700,300,8,1.0,0.0259740259740259
0.2,100,0.005,0.005,0.0016308858027061,4,300,2999700,300,7,1.0,0.022801302931596
0.2,100,0.005,0.005,0.0016308858027061,5,300,2999700,300,6,1.0,0.0196078431372549
0.2,100,0.005,0.005,0.0016308858027061,6,300,2999700,300,3,1.0,0.0099009900990099
0.2,100,0.005,0.005,0.0016308858027061,7,300,2999700,300,10,1.0,0.032258064516129
0.2,100,0.005,0.005,0.0016308858027061,8,300,2999700,300,13,1.0,0.0415335463258785
0.2,100,0.005,0.005,0.0016308858027061,9,300,2999700,300,8,1.0,0.0259740259740259
0.2,100,0.01,0.01,0.0031777035588293,0,300,2999700,300,29,1.0,0.0881458966565349
0.2,100,0.01,0.01,0.0031777035588293,1,300,2999700,300,30,1.0,0.0909090909090909
0.2,100,0.01,0.01,0.0031777035588293,2,300,2999700,300,31,1.0,0.093655589123867
0.2,100,0.01,0.01,0.0031777035588293,3,300,2999700,300,28,1.0,0.0853658536585365
0.2,100,0.01,0.01,0.0031777035588293,4,300,2999700,300,32,1.0,0.0963855421686747
0.2,100,0.01,0.01,0.0031777035588293,5,300,2999700,300,23,1.0,0.0712074303405572
0.2,100,0.01,0.01,0.0031777035588293,6,300,2999700,300,26,1.0,0.0797546012269938
0.2,100,0.01,0.01,0.0031777035588293,7,300,2999700,300,27,1.0,0.0825688073394495
0.2,100,0.01,0.01,0.0031777035588293,8,300,2999700,300,23,1.0,0.0712074303405572
0.2,100,0.01,0.01,0.0031777035588293,9,300,2999700,300,26,1.0,0.0797546012269938
0.2,100,0.015,0.015,0.004742833744163,0,300,2999700,300,49,1.0,0.1404011461318051
0.2,100,0.015,0.015,0.004742833744163,1,300,2999700,300,72,1.0,0.1935483870967742
0.2,100,0.015,0.015,0.004742833744163,2,300,2999700,300,60,1.0,0.1666666666666666
0.2,100,0.015,0.015,0.004742833744163,3,300,2999700,300,54,1.0,0.1525423728813559
0.2,100,0.015,0.015,0.004742833744163,4,300,2999700,300,47,1.0,0.1354466858789625
0.2,100,0.015,0.015,0.004742833744163,5,300,2999700,300,64,1.0,0.1758241758241758
0.2,100,0.015,0.015,0.004742833744163,6,300,2999700,300,77,1.0,0.2042440318302387
0.2,100,0.015,0.015,0.004742833744163,7,300,2999700,300,63,1.0,0.1735537190082644
0.2,100,0.015,0.015,0.004742833744163,8,300,2999700,300,59,1.0,0.1643454038997214
0.2,100,0.015,0.015,0.004742833744163,9,300,2999700,300,66,1.0,0.180327868852459
0.2,100,0.02,0.02,0.0063126685373225,0,300,2999700,300,109,1.0,0.2665036674816626
0.2,100,0.02,0.02,0.0063126685373225,1,300,2999700,300,114,1.0,0.2753623188405797
0.2,100,0.02,0.02,0.0063126685373225,2,300,2999700,300,109,1.0,0.2665036674816626
0.2,100,0.02,0.02,0.0063126685373225,3,300,2999700,300,122,1.0,0.2890995260663507
0.2,100,0.02,0.02,0.0063126685373225,4,300,2999700,300,96,1.0,0.2424242424242424
0.2,100,0.02,0.02,0.0063126685373225,5,300,2999700,300,102,1.0,0.2537313432835821
0.2,100,0.02,0.02,0.0063126685373225,6,300,2999700,300,78,1.0,0.2063492063492063
0.2,100,0.02,0.02,0.0063126685373225,7,300,2999700,300,118,1.0,0.2822966507177033
0.2,100,0.02,0.02,0.0063126685373225,8,300,2999700,300,113,1.0,0.2736077481840194
0.2,100,0.02,0.02,0.0063126685373225,9,300,2999700,300,103,1.0,0.2555831265508685
0.2,100,0.03,0.03,0.0094570717326724,0,300,2999700,300,229,1.0,0.4328922495274102
0.2,100,0.03,0.03,0.0094570717326724,1,300,2999700,300,179,1.0,0.3736951983298539
0.2,100,0.03,0.03,0.0094570717326724,2,300,2999700,300,235,1.0,0.4392523364485981
0.2,100,0.03,0.03,0.0094570717326724,3,300,2999700,300,223,1.0,0.4263862332695984
0.2,100,0.03,0.03,0.0094570717326724,4,300,2999700,300,246,1.0,0.4505494505494505
0.2,100,0.03,0.03,0.0094570717326724,5,300,2999700,300,294,1.0,0.494949494949495
0.2,100,0.03,0.03,0.0094570717326724,6,300,2999700,300,226,1.0,0.4296577946768061
0.2,100,0.03,0.03,0.0094570717326724,7,300,2999700,300,266,1.0,0.469964664310954
0.2,100,0.03,0.03,0.0094570717326724,8,300,2999700,300,217,1.0,0.4197292069632495
0.2,100,0.03,0.03,0.0094570717326724,9,300,2999700,300,235,1.0,0.4392523364485981
0.2,100,0.05,0.05,0.0157515370451374,0,300,2999700,300,739,1.0,0.7112608277189605
0.2,100,0.05,0.05,0.0157515370451374,1,300,2999700,300,677,1.0,0.6929375639713409
0.2,100,0.05,0.05,0.0157515370451374,2,300,2999700,300,645,1.0,0.6825396825396826
0.2,100,0.05,0.05,0.0157515370451374,3,300,2999700,300,679,1.0,0.693564862104188
0.2,100,0.05,0.05,0.0157515370451374,4,300,2999700,300,655,1.0,0.6858638743455497
0.2,100,0.05,0.05,0.0157515370451374,5,300,2999700,300,713,1.0,0.7038499506416585
0.2,100,0.05,0.05,0.0157515370451374,6,300,2999700,300,602,1.0,0.6674057649667405
0.2,100,0.05,0.05,0.0157515370451374,7,300,2999700,300,551,1.0,0.6474735605170387
0.2,100,0.05,0.05,0.0157515370451374,8,300,2999700,300,604,1.0,0.668141592920354
0.2,100,0.05,0.05,0.0157515370451374,9,300,2999700,300,628,1.0,0.6767241379310345
