angle,n_tracks,σ_res,σ_scatt,k,theta_d,ε,Eff,Ghost,score
0.2,10,0.0,5e-05,1,0.001,7.3824115301167e-05,1.0,0.0,1.0
0.2,10,0.0,0.0001,1,0.001,0.0001430034964607,1.0,0.0,1.0
0.2,10,0.0,0.0004,1,0.01,0.0005660830327787,1.0,0.0,1.0
0.2,10,0.01,5e-05,1,0.01,0.0010523204394088,1.0,0.0,1.0
0.2,10,0.01,0.0001,1,0.01,0.0010594235730799,1.0,0.0,1.0
0.2,10,0.01,0.0004,1,0.01,0.0011926350268198,1.0,0.0,1.0
0.2,10,0.05,5e-05,1,0.01,0.0052491539513659,1.0,0.0,1.0
0.2,10,0.05,0.0001,1,0.01,0.0052505825586444,1.0,0.0,1.0
0.2,10,0.05,0.0004,1,0.01,0.0052790735176866,0.8666666666666667,0.0,0.8666666666666667
0.2,50,0.0,5e-05,1,0.001,7.3824115301167e-05,1.0,0.0,1.0
0.2,50,0.0,0.0001,1,0.001,0.0001430034964607,1.0,0.0,1.0
0.2,50,0.0,0.0004,1,0.001,0.0005660830327787,1.0,0.0,1.0
0.2,50,0.01,5e-05,1,0.01,0.0010523204394088,0.8666666666666667,0.0069444444444444,0.8606481481481482
0.2,50,0.01,0.0001,1,0.01,0.0010594235730799,0.9466666666666668,0.0,0.9466666666666668
0.2,50,0.01,0.0004,3,0.01,0.0035774012785535,0.9866666666666668,0.0068027210884353,0.9799546485260774
0.2,50,0.05,5e-05,2,0.01,0.0104982195104276,0.4066666666666667,0.1376262626262626,0.35069865319865323
0.2,50,0.05,0.0001,1,0.001,0.0052505825586444,0.3866666666666666,0.0707070707070707,0.35932659932659927
0.2,50,0.05,0.0004,1,0.01,0.0052790735176866,0.64,0.0978260869565217,0.5773913043478262
0.2,100,0.0,5e-05,2,0.001,0.0001430034964607,1.0,0.0,1.0
0.2,100,0.0,0.0001,2,0.001,0.0002836370920736,0.9933333333333332,0.0,0.9933333333333332
0.2,100,0.0,0.0004,3,0.01,0.0016971888521905,0.9633333333333334,0.017219387755102,0.9467453231292517
0.2,100,0.01,5e-05,1,0.001,0.0010523204394088,0.8933333333333334,0.0256516195643512,0.870417886522513
0.2,100,0.01,0.0001,2,0.01,0.0021185283616919,0.99,0.0034013605442176,0.9866326530612246
0.2,100,0.01,0.0004,1,0.01,0.0011926350268198,0.96,0.0212765957446808,0.9395744680851065
0.2,100,0.05,5e-05,1,0.01,0.0052491539513659,0.65,0.0572008547008546,0.6128194444444446
0.2,100,0.05,0.0001,1,0.01,0.0052505825586444,0.5733333333333334,0.0853867559849415,0.5243782599019668
0.2,100,0.05,0.0004,1,0.01,0.0052790735176866,0.48,0.0852358168147641,0.4390868079289132
0.1,10,0.0,5e-05,1,0.0001,7.3824115301167e-05,1.0,0.0,1.0
0.1,10,0.0,0.0001,1,0.001,0.0001430034964607,1.0,0.0,1.0
0.1,10,0.0,0.0004,1,0.001,0.0005660830327787,1.0,0.0,1.0
0.1,10,0.01,5e-05,1,0.01,0.0010523204394088,1.0,0.0,1.0
0.1,10,0.01,0.0001,1,0.01,0.0010594235730799,1.0,0.0,1.0
0.1,10,0.01,0.0004,1,0.01,0.0011926350268198,1.0,0.0,1.0
0.1,10,0.05,5e-05,2,0.01,0.0104982195104276,0.7333333333333334,0.0,0.7333333333333334
0.1,10,0.05,0.0001,1,0.01,0.0052505825586444,0.9,0.0416666666666666,0.8625
0.1,10,0.05,0.0004,1,0.01,0.0052790735176866,0.9,0.0416666666666666,0.8625
0.1,50,0.0,5e-05,1,0.0001,7.3824115301167e-05,1.0,0.0,1.0
0.1,50,0.0,0.0001,1,0.001,0.0001430034964607,1.0,0.0,1.0
0.1,50,0.0,0.0004,1,0.001,0.0005660830327787,1.0,0.0,1.0
0.1,50,0.01,5e-05,1,0.001,0.0010523204394088,0.96,0.0069444444444444,0.9533333333333334
0.1,50,0.01,0.0001,1,0.001,0.0010594235730799,0.9133333333333332,0.0077519379844961,0.9062532299741601
0.1,50,0.01,0.0004,1,0.001,0.0011926350268198,0.8666666666666667,0.0374108893653673,0.8342438958833484
0.1,50,0.05,5e-05,1,0.01,0.0052491539513659,0.4333333333333333,0.3910569105691057,0.2638753387533875
0.1,50,0.05,0.0001,1,0.01,0.0052505825586444,0.4866666666666666,0.2194368131868131,0.37987408424908425
0.1,50,0.05,0.0004,1,0.01,0.0052790735176866,0.5133333333333333,0.1287287903667213,0.44725255427841637
0.1,100,0.0,5e-05,1,0.001,7.3824115301167e-05,1.0,0.0,1.0
0.1,100,0.0,0.0001,1,0.001,0.0001430034964607,0.9933333333333332,0.0033670033670033,0.9899887766554432
0.1,100,0.0,0.0004,1,0.001,0.0005660830327787,0.99,0.0034013605442176,0.9866326530612246
0.1,100,0.01,5e-05,1,0.001,0.0010523204394088,0.7866666666666666,0.0693540821398241,0.732108122050005
0.1,100,0.01,0.0001,1,0.001,0.0010594235730799,0.82,0.050274916654227,0.7787745683435338
0.1,100,0.01,0.0004,1,0.001,0.0011926350268198,0.8866666666666667,0.0267872523686477,0.8629153028997991
0.1,100,0.05,5e-05,1,0.01,0.0052491539513659,0.1733333333333333,0.091358024691358,0.15749794238683126
0.1,100,0.05,0.0001,1,0.0001,0.0052505825586444,0.12,0.5687147977470558,0.051754224270353304
0.1,100,0.05,0.0004,1,0.01,0.0052790735176866,0.19,0.2312925170068027,0.14605442176870748
0.04,10,0.0,5e-05,1,0.0001,7.3824115301167e-05,1.0,0.0,1.0
0.04,10,0.0,0.0001,1,0.001,0.0001430034964607,1.0,0.0,1.0
0.04,10,0.0,0.0004,1,0.001,0.0005660830327787,1.0,0.0,1.0
0.04,10,0.01,5e-05,2,0.01,0.0021043199422362,1.0,0.0,1.0
0.04,10,0.01,0.0001,1,0.01,0.0010594235730799,1.0,0.0,1.0
0.04,10,0.01,0.0004,2,0.01,0.0023849868803188,1.0,0.0,1.0
0.04,10,0.05,5e-05,1,0.001,0.0052491539513659,0.4333333333333333,0.0,0.4333333333333333
0.04,10,0.05,0.0001,1,0.01,0.0052505825586444,0.6,0.3333333333333333,0.4
0.04,10,0.05,0.0004,1,0.01,0.0052790735176866,0.7666666666666666,0.0892857142857142,0.6982142857142858
0.04,50,0.0,5e-05,1,0.0001,7.3824115301167e-05,1.0,0.0,1.0
0.04,50,0.0,0.0001,1,0.001,0.0001430034964607,0.9866666666666668,0.0068027210884353,0.9799546485260774
0.04,50,0.0,0.0004,2,0.001,0.0011315697062046,0.7466666666666667,0.0433152664859982,0.714324601023788
0.04,50,0.01,5e-05,1,0.001,0.0010523204394088,0.7466666666666666,0.0802365390600684,0.6867567175018154
0.04,50,0.01,0.0001,1,0.001,0.0010594235730799,0.8466666666666667,0.0313852813852813,0.8200937950937952
0.04,50,0.01,0.0004,1,0.001,0.0011926350268198,0.5133333333333333,0.1754208754208754,0.42328395061728397
0.04,50,0.05,5e-05,1,0.0001,0.0052491539513659,0.1133333333333333,0.5332244008714597,0.05290123456790122
0.04,50,0.05,0.0001,1,0.001,0.0052505825586444,0.1133333333333333,0.6037037037037037,0.04491358024691356
0.04,50,0.05,0.0004,1,0.0001,0.0052790735176866,0.06,0.5317460317460317,0.028095238095238093
0.04,100,0.0,5e-05,1,0.001,7.3824115301167e-05,1.0,0.0,1.0
0.04,100,0.0,0.0001,1,0.001,0.0001430034964607,1.0,0.0,1.0
0.04,100,0.0,0.0004,1,0.001,0.0005660830327787,0.8966666666666666,0.0358886346300533,0.8644865242817188
0.04,100,0.01,5e-05,1,0.001,0.0010523204394088,0.4866666666666666,0.1245421245421245,0.426056166056166
0.04,100,0.01,0.0001,1,0.001,0.0010594235730799,0.6266666666666666,0.1062169312169312,0.5601040564373897
0.04,100,0.01,0.0004,1,0.001,0.0011926350268198,0.5033333333333333,0.1428890159687383,0.43141252862906837
0.04,100,0.05,5e-05,1,0.0001,0.0052491539513659,0.0166666666666666,0.8333333333333334,0.002777777777777766
0.04,100,0.05,0.0001,1,0.0001,0.0052505825586444,0.0,1.0,0.0
0.04,100,0.05,0.0004,1,0.0001,0.0052790735176866,0.0,1.0,0.0
