task,n_tracks,angle,sigma_scatt,sigma_res,epsilon,n_events,efficiency_mean,efficiency_se,efficiency_std,ghost_rate_mean,ghost_rate_se,ghost_rate_std,clone_fraction_mean,clone_fraction_se,clone_fraction_std,mean_purity_mean,mean_purity_se,mean_purity_std,hit_efficiency_mean,hit_efficiency_se,hit_efficiency_std,wall_time_total_s
verify_res,10,0.02,0.0001,0.0,0.0004247940677551889,20,0.95,0.049999999999999996,0.22360679774997896,0.05,0.049999999999999996,0.22360679774997896,0.0,0.0,0.0,0.95,0.049999999999999996,0.22360679774997896,0.95,0.049999999999999996,0.22360679774997896,0.8
verify_res,20,0.02,0.0001,0.0,0.0004247940677551889,20,1.0,0.0,0.0,0.0,0.0,0.0,0.0,0.0,0.0,1.0,0.0,0.0,1.0,0.0,0.0,6.54
verify_res,50,0.02,0.0001,0.0,0.0004247940677551889,20,0.9059999999999999,0.05018072601266242,0.22441502904921032,0.04553680476058895,0.025042422937279003,0.11199312001811161,0.0,0.0,0.0,1.0,0.0,0.0,1.0,0.0,0.0,117.61
verify_res,100,0.02,0.0001,0.0,0.0004247940677551889,20,0.9780000000000001,0.012888183082106446,0.05763770695610553,0.008434016622169933,0.004929654814747909,0.022046086542770918,0.0,0.0,0.0,1.0,0.0,0.0,0.9999,0.00010000000000000009,0.00044721359549995833,1030.38
verify_res,10,0.02,0.0001,0.005,0.0016308858027061653,20,0.9400000000000001,0.0504714614515236,0.22571523745873395,0.005555555555555555,0.005555555555555554,0.02484519974999766,0.0,0.0,0.0,0.95,0.05000000000000001,0.22360679774997902,0.95,0.05000000000000001,0.22360679774997902,0.63
verify_res,20,0.02,0.0001,0.005,0.0016308858027061653,20,0.9075,0.04203303838398401,0.18797746225489234,0.03724200206398348,0.015170921482863722,0.06784642343399039,0.0,0.0,0.0,1.0,0.0,0.0,1.0,0.0,0.0,5.61
verify_res,50,0.02,0.0001,0.005,0.0016308858027061653,20,0.8119999999999999,0.05694688199033423,0.25467419847409173,0.09683657760916775,0.0496931065203485,0.22223432838527457,0.0,0.0,0.0,0.95,0.049999999999999996,0.22360679774997896,0.95,0.049999999999999996,0.22360679774997896,83.14
verify_res,100,0.02,0.0001,0.005,0.0016308858027061653,20,0.586,0.08098862818159623,0.3621921560370087,0.23817129920241217,0.08760613590838526,0.39178655027446946,0.0,0.0,0.0,0.8,0.0917662935482247,0.41039134083406165,0.7998837209302325,0.091753028135233,0.41033201610366354,1073.8
verify_res,10,0.02,0.0001,0.01,0.0031777035588293387,20,0.9700000000000001,0.0163835604381825,0.07326950970650463,0.016666666666666666,0.009101978021212502,0.04070528317028036,0.0,0.0,0.0,1.0,0.0,0.0,1.0,0.0,0.0,0.71
verify_res,20,0.02,0.0001,0.01,0.0031777035588293387,20,0.8574999999999999,0.06701089856370969,0.2996818488435958,0.06622807017543861,0.04963072060331539,0.22195533008262516,0.0,0.0,0.0,0.899537037037037,0.0687908652774571,0.3076421019828481,0.9,0.06882472016116853,0.30779350562554625,6.1
verify_res,50,0.02,0.0001,0.01,0.0031777035588293387,20,0.5469999999999999,0.07233365672172838,0.3234859469818385,0.2305677776716688,0.07567858971302546,0.3384449420792825,0.0,0.0,0.0,0.85,0.08191780219091253,0.36634754853252327,0.85,0.08191780219091253,0.36634754853252327,116.82000000000001
verify_res,100,0.02,0.0001,0.01,0.0031777035588293387,20,0.22149999999999997,0.06251852357080806,0.27959133711449946,0.4268269132071315,0.10114829179538595,0.4523489125249345,0.0,0.0,0.0,0.65,0.1094243309804831,0.4893604849295929,0.65,0.1094243309804831,0.4893604849295929,1305.0900000000001
verify_res,10,0.02,0.0001,0.015,0.0047428337441630134,20,0.85,0.055960512393726534,0.250263019536184,0.10416666666666667,0.051491520716065685,0.23027708117192305,0.0,0.0,0.0,0.95,0.05000000000000001,0.22360679774997902,0.95,0.05000000000000001,0.22360679774997902,0.8300000000000001
verify_res,20,0.02,0.0001,0.015,0.0047428337441630134,20,0.6575,0.07073625959189976,0.3163421698431188,0.19180491056071552,0.06484995450404703,0.29001781321763564,0.0,0.0,0.0,0.9,0.06882472016116853,0.30779350562554625,0.9,0.06882472016116853,0.30779350562554625,6.15
verify_res,50,0.02,0.0001,0.015,0.0047428337441630134,20,0.37099999999999994,0.07085158691533347,0.31685792931284057,0.3626904520443073,0.0960430336021148,0.4295175037992504,0.0,0.0,0.0,0.7,0.10513149660756935,0.4701623459816272,0.6994117647058824,0.10504476068950522,0.46977445116386274,114.28
verify_res,100,0.02,0.0001,0.015,0.0047428337441630134,20,0.06050000000000001,0.023231953947322775,0.10389645655271659,0.564940039676348,0.09399114333651092,0.4203411715667296,0.0,0.0,0.0,0.55,0.11413288653790232,0.5104177855340405,0.55,0.11413288653790232,0.5104177855340405,1051.62
verify_res,10,0.02,0.0001,0.02,0.006312668537322595,20,0.775,0.05374158440850848,0.2403396719119356,0.09420634920634921,0.027393880206956694,0.12250915662048235,0.0,0.0,0.0,1.0,0.0,0.0,1.0,0.0,0.0,0.61
verify_res,20,0.02,0.0001,0.02,0.006312668537322595,20,0.53,0.08851107572680264,0.3958335641735246,0.2584014901507162,0.071743985061735,0.3208488551495378,0.0,0.0,0.0,0.8976190476190476,0.06868368352718071,0.3071627706237172,0.9,0.06882472016116853,0.30779350562554625,6.61
verify_res,50,0.02,0.0001,0.02,0.006312668537322595,20,0.209,0.05147252716383351,0.23019213942407238,0.43361555760581244,0.09128450814920507,0.4082367310285121,0.0,0.0,0.0,0.7,0.10513149660756935,0.4701623459816272,0.7,0.10513149660756935,0.4701623459816272,84.44
verify_res,100,0.02,0.0001,0.02,0.006312668537322595,20,0.0165,0.007478917737635292,0.033446736918962904,0.7630128205128205,0.08405270706096016,0.37589513336236696,0.0,0.0,0.0,0.3,0.10513149660756935,0.4701623459816272,0.3,0.10513149660756935,0.4701623459816272,1109.46
verify_res,10,0.02,0.0001,0.03,0.009457071732672446,20,0.695,0.06508092128872696,0.2910507280798134,0.17388888888888893,0.049722834783380826,0.22236727721926114,0.0,0.0,0.0,0.95,0.05,0.223606797749979,0.95,0.05,0.223606797749979,0.7
verify_res,20,0.02,0.0001,0.03,0.009457071732672446,20,0.36250000000000004,0.06755845422182265,0.3021305921896062,0.32578060312580437,0.06424727901704844,0.28732256650303234,0.0,0.0,0.0,0.9,0.06882472016116853,0.30779350562554625,0.9,0.06882472016116853,0.30779350562554625,6.07
verify_res,50,0.02,0.0001,0.03,0.009457071732672446,20,0.011,0.005326201371768774,0.023819496658255217,0.825,0.06337833119842362,0.28343651372034184,0.0,0.0,0.0,0.3,0.10513149660756935,0.4701623459816272,0.3,0.10513149660756935,0.4701623459816272,124.07
verify_res,100,0.02,0.0001,0.03,0.009457071732672446,20,0.0005,0.0005,0.00223606797749979,0.975,0.025000000000000005,0.11180339887498951,0.0,0.0,0.0,0.05,0.04999999999999999,0.22360679774997894,0.05,0.04999999999999999,0.22360679774997894,1997.03
verify_res,10,0.02,0.0001,0.05,0.015751537045137484,20,0.375,0.0691584755242776,0.3092861049850803,0.4019444444444444,0.07481759821024273,0.3345944710227387,0.0,0.0,0.0,0.7982142857142858,0.09157864064358426,0.409552131532159,0.8,0.0917662935482247,0.41039134083406165,0.81
verify_res,20,0.02,0.0001,0.05,0.015751537045137484,20,0.0875,0.027114523201064267,0.1212598341101498,0.6445670995670996,0.07773696065715074,0.3476502567872316,0.0,0.0,0.0,0.5416666666666667,0.11269881717131225,0.5040044323577495,0.55,0.11413288653790231,0.5104177855340404,7.029999999999999
verify_res,50,0.02,0.0001,0.05,0.015751537045137484,20,0.0,0.0,0.0,1.0,0.0,0.0,0.0,0.0,0.0,0.0,0.0,0.0,0.0,0.0,0.0,105.15
verify_res,100,0.02,0.0001,0.05,0.015751537045137484,20,0.0,0.0,0.0,1.0,0.0,0.0,0.0,0.0,0.0,0.0,0.0,0.0,0.0,0.0,0.0,1451.6399999999999
verify_res,10,0.2,0.0001,0.0,0.0004247940677551889,20,1.0,0.0,0.0,0.0,0.0,0.0,0.0,0.0,0.0,1.0,0.0,0.0,1.0,0.0,0.0,0.79
verify_res,20,0.2,0.0001,0.0,0.0004247940677551889,20,0.9974999999999999,0.002500000000000002,0.011180339887498957,0.0,0.0,0.0,0.0,0.0,0.0,1.0,0.0,0.0,1.0,0.0,0.0,4.96
verify_res,50,0.2,0.0001,0.0,0.0004247940677551889,20,0.974,0.013306112564492583,0.059506744420938944,0.0,0.0,0.0,0.0,0.0,0.0,1.0,0.0,0.0,1.0,0.0,0.0,90.94
verify_res,100,0.2,0.0001,0.0,0.0004247940677551889,20,1.0,0.0,0.0,0.0,0.0,0.0,0.0,0.0,0.0,1.0,0.0,0.0,0.9999,0.00010000000000000009,0.00044721359549995833,1285.96
verify_res,10,0.2,0.0001,0.005,0.0016308858027061653,20,0.975,0.020358626776148882,0.0910465468000326,0.0,0.0,0.0,0.0,0.0,0.0,1.0,0.0,0.0,1.0,0.0,0.0,0.77
verify_res,20,0.2,0.0001,0.005,0.0016308858027061653,20,0.9949999999999999,0.0034412360080584297,0.015389675281277326,0.0,0.0,0.0,0.0,0.0,0.0,1.0,0.0,0.0,1.0,0.0,0.0,6.24
verify_res,50,0.2,0.0001,0.005,0.0016308858027061653,20,0.982,0.011323008713049258,0.0506380343844011,0.0,0.0,0.0,0.0,0.0,0.0,1.0,0.0,0.0,1.0,0.0,0.0,118.67999999999999
verify_res,100,0.2,0.0001,0.005,0.0016308858027061653,20,0.967,0.018354692501976307,0.08208468028104944,0.007131556529146892,0.0066191669990793905,0.029601814728729612,0.0,0.0,0.0,1.0,0.0,0.0,0.9999,0.00010000000000000009,0.00044721359549995833,981.16
verify_res,10,0.2,0.0001,0.01,0.0031777035588293387,20,0.9450000000000001,0.026631006858843877,0.11909748329127612,0.018055555555555554,0.013409110932884266,0.05996736712752968,0.0,0.0,0.0,1.0,0.0,0.0,1.0,0.0,0.0,0.79
verify_res,20,0.2,0.0001,0.01,0.0031777035588293387,20,0.9824999999999999,0.00978384812895858,0.04375469899577103,0.002631578947368421,0.0026315789473684214,0.011768778828946263,0.0,0.0,0.0,1.0,0.0,0.0,1.0,0.0,0.0,5.98
verify_res,50,0.2,0.0001,0.01,0.0031777035588293387,20,0.909,0.056316305949427055,0.25185417668918947,0.060312500000000005,0.043898420705767154,0.19631970560595932,0.0,0.0,0.0,1.0,0.0,0.0,1.0,0.0,0.0,81.87
verify_res,100,0.2,0.0001,0.01,0.0031777035588293387,20,0.9595,0.016834722888626412,0.07528716952268057,0.006287363430220573,0.004811772717275143,0.021518901776212192,0.0,0.0,0.0,1.0,0.0,0.0,1.0,0.0,0.0,1249.05
verify_res,10,0.2,0.0001,0.015,0.0047428337441630134,20,0.945,0.04998684037350547,0.22354794611117842,0.0,0.0,0.0,0.0,0.0,0.0,0.95,0.05000000000000001,0.22360679774997902,0.95,0.05000000000000001,0.22360679774997902,0.8
verify_res,20,0.2,0.0001,0.015,0.0047428337441630134,20,0.9824999999999999,0.008331140062250908,0.037257991018529724,0.002631578947368421,0.002631578947368421,0.011768778828946261,0.0,0.0,0.0,1.0,0.0,0.0,1.0,0.0,0.0,6.62
verify_res,50,0.2,0.0001,0.015,0.0047428337441630134,20,0.9730000000000001,0.011264756404028685,0.05037752213876845,0.005187074829931972,0.0029694055954275003,0.013279585528288259,0.0,0.0,0.0,1.0,0.0,0.0,1.0,0.0,0.0,108.19
verify_res,100,0.2,0.0001,0.015,0.0047428337441630134,20,0.966,0.012719649117967463,0.056884000155440984,0.008387759393177697,0.00484910258454145,0.021685846017809207,0.0,0.0,0.0,1.0,0.0,0.0,1.0,0.0,0.0,1005.08
verify_res,10,0.2,0.0001,0.02,0.006312668537322595,20,0.96,0.019735087641318597,0.08825799501580875,0.005555555555555555,0.005555555555555554,0.02484519974999766,0.0,0.0,0.0,1.0,0.0,0.0,1.0,0.0,0.0,0.58
verify_res,20,0.2,0.0001,0.02,0.006312668537322595,20,0.9800000000000001,0.013278395591097752,0.05938279034765615,0.002631578947368421,0.0026315789473684214,0.011768778828946263,0.0,0.0,0.0,1.0,0.0,0.0,1.0,0.0,0.0,4.87
verify_res,50,0.2,0.0001,0.02,0.006312668537322595,20,0.968,0.00998946813820488,0.044674259632188754,0.00946835255841467,0.004219479452518145,0.01887008577098834,0.0,0.0,0.0,1.0,0.0,0.0,1.0,0.0,0.0,93.07
verify_res,100,0.2,0.0001,0.02,0.006312668537322595,20,0.8630000000000001,0.0573452150071,0.2564555978804334,0.023208800195220047,0.00696389326686173,0.031143477465511826,0.0,0.0,0.0,1.0,0.0,0.0,1.0,0.0,0.0,1054.6200000000001
verify_res,10,0.2,0.0001,0.03,0.009457071732672446,20,0.985,0.015000000000000003,0.06708203932499371,0.0,0.0,0.0,0.0,0.0,0.0,1.0,0.0,0.0,1.0,0.0,0.0,0.59
verify_res,20,0.2,0.0001,0.03,0.009457071732672446,20,0.9099999999999999,0.050340942842936394,0.2251315404964746,0.002631578947368421,0.0026315789473684214,0.011768778828946263,0.0,0.0,0.0,0.95,0.05000000000000001,0.22360679774997902,0.95,0.05000000000000001,0.22360679774997902,4.7
verify_res,50,0.2,0.0001,0.03,0.009457071732672446,20,0.9640000000000001,0.010523157420910471,0.04706099066217437,0.013729276400662025,0.0047713845985238494,0.02133828061818974,0.0,0.0,0.0,1.0,0.0,0.0,0.9997777777777778,0.0002222222222222237,0.0009938079899999132,95.69
verify_res,100,0.2,0.0001,0.03,0.009457071732672446,20,0.906,0.019254527833869703,0.08610886622238886,0.021115192485389674,0.004370275380448081,0.01954446566215133,0.0,0.0,0.0,1.0,0.0,0.0,1.0,0.0,0.0,998.15
verify_res,10,0.2,0.0001,0.05,0.015751537045137484,20,0.9700000000000001,0.014689774459950376,0.06569466853317861,0.005555555555555555,0.005555555555555554,0.02484519974999766,0.0,0.0,0.0,1.0,0.0,0.0,1.0,0.0,0.0,0.6
verify_res,20,0.2,0.0001,0.05,0.015751537045137484,20,0.915,0.05105466626439175,0.22832340867149042,0.05557275541795666,0.04985409416276316,0.2229542870092278,0.0,0.0,0.0,0.95,0.05000000000000001,0.22360679774997902,0.95,0.05000000000000001,0.22360679774997902,5.86
verify_res,50,0.2,0.0001,0.05,0.015751537045137484,20,0.8029999999999999,0.05591864391097218,0.250075777989077,0.06673837823633912,0.02208364890383297,0.09876108028041848,0.0,0.0,0.0,1.0,0.0,0.0,1.0,0.0,0.0,114.35
verify_res,100,0.2,0.0001,0.05,0.015751537045137484,20,0.5125,0.061630798008446196,0.2756213077088887,0.11245395322328297,0.049226294484039444,0.22014668149347028,0.0,0.0,0.0,0.95,0.05000000000000001,0.22360679774997902,0.95,0.05000000000000001,0.22360679774997902,1482.3799999999999
