phi_max,n_tracks,sigma_scatt,sigma_scatt_mrad,epsilon,repeat,n_true,n_false,true_accepted,false_accepted,segment_efficiency,segment_false_rate
0.02,10,5e-05,0.05,0.00021319005605327846,0,30,2970,30,0,1.0,0.0
0.02,10,5e-05,0.05,0.00021319005605327846,1,30,2970,30,0,1.0,0.0
0.02,10,5e-05,0.05,0.00021319005605327846,2,30,2970,30,0,1.0,0.0
0.02,10,5e-05,0.05,0.00021319005605327846,3,30,2970,30,0,1.0,0.0
0.02,10,5e-05,0.05,0.00021319005605327846,4,30,2970,30,0,1.0,0.0
0.02,10,5e-05,0.05,0.00021319005605327846,5,30,2970,30,0,1.0,0.0
0.02,10,5e-05,0.05,0.00021319005605327846,6,30,2970,30,0,1.0,0.0
0.02,10,5e-05,0.05,0.00021319005605327846,7,30,2970,30,0,1.0,0.0
0.02,10,5e-05,0.05,0.00021319005605327846,8,30,2970,30,0,1.0,0.0
0.02,10,5e-05,0.05,0.00021319005605327846,9,30,2970,30,0,1.0,0.0
0.02,10,0.0001,0.1,0.0004247940677551889,0,30,2970,30,1,1.0,0.03225806451612903
0.02,10,0.0001,0.1,0.0004247940677551889,1,30,2970,30,1,1.0,0.03225806451612903
0.02,10,0.0001,0.1,0.0004247940677551889,2,30,2970,30,0,1.0,0.0
0.02,10,0.0001,0.1,0.0004247940677551889,3,30,2970,30,0,1.0,0.0
0.02,10,0.0001,0.1,0.0004247940677551889,4,30,2970,30,0,1.0,0.0
0.02,10,0.0001,0.1,0.0004247940677551889,5,30,2970,30,0,1.0,0.0
0.02,10,0.0001,0.1,0.0004247940677551889,6,30,2970,30,0,1.0,0.0
0.02,10,0.0001,0.1,0.0004247940677551889,7,30,2970,30,0,1.0,0.0
0.02,10,0.0001,0.1,0.0004247940677551889,8,30,2970,30,0,1.0,0.0
0.02,10,0.0001,0.1,0.0004247940677551889,9,30,2970,30,0,1.0,0.0
0.02,10,0.0002,0.2,0.0008487932610477066,0,30,2970,30,0,1.0,0.0
0.02,10,0.0002,0.2,0.0008487932610477066,1,30,2970,30,0,1.0,0.0
0.02,10,0.0002,0.2,0.0008487932610477066,2,30,2970,30,1,1.0,0.03225806451612903
0.02,10,0.0002,0.2,0.0008487932610477066,3,30,2970,30,0,1.0,0.0
0.02,10,0.0002,0.2,0.0008487932610477066,4,30,2970,30,1,1.0,0.03225806451612903
0.02,10,0.0002,0.2,0.0008487932610477066,5,30,2970,30,2,1.0,0.0625
0.02,10,0.0002,0.2,0.0008487932610477066,6,30,2970,30,0,1.0,0.0
0.02,10,0.0002,0.2,0.0008487932610477066,7,30,2970,30,0,1.0,0.0
0.02,10,0.0002,0.2,0.0008487932610477066,8,30,2970,30,0,1.0,0.0
0.02,10,0.0002,0.2,0.0008487932610477066,9,30,2970,30,1,1.0,0.03225806451612903
0.02,10,0.0004,0.4,0.0016971888521905864,0,30,2970,30,0,1.0,0.0
0.02,10,0.0004,0.4,0.0016971888521905864,1,30,2970,30,0,1.0,0.0
0.02,10,0.0004,0.4,0.0016971888521905864,2,30,2970,30,0,1.0,0.0
0.02,10,0.0004,0.4,0.0016971888521905864,3,30,2970,30,0,1.0,0.0
0.02,10,0.0004,0.4,0.0016971888521905864,4,30,2970,30,1,1.0,0.03225806451612903
0.02,10,0.0004,0.4,0.0016971888521905864,5,30,2970,30,6,1.0,0.16666666666666666
0.02,10,0.0004,0.4,0.0016971888521905864,6,30,2970,30,2,1.0,0.0625
0.02,10,0.0004,0.4,0.0016971888521905864,7,30,2970,30,1,1.0,0.03225806451612903
0.02,10,0.0004,0.4,0.0016971888521905864,8,30,2970,30,1,1.0,0.03225806451612903
0.02,10,0.0004,0.4,0.0016971888521905864,9,30,2970,30,3,1.0,0.09090909090909091
0.02,10,0.0006,0.6,0.002545672799084753,0,30,2970,30,1,1.0,0.03225806451612903
0.02,10,0.0006,0.6,0.002545672799084753,1,30,2970,30,1,1.0,0.03225806451612903
0.02,10,0.0006,0.6,0.002545672799084753,2,30,2970,30,0,1.0,0.0
0.02,10,0.0006,0.6,0.002545672799084753,3,30,2970,30,9,1.0,0.23076923076923078
0.02,10,0.0006,0.6,0.002545672799084753,4,30,2970,30,0,1.0,0.0
0.02,10,0.0006,0.6,0.002545672799084753,5,30,2970,30,7,1.0,0.1891891891891892
0.02,10,0.0006,0.6,0.002545672799084753,6,30,2970,30,4,1.0,0.11764705882352941
0.02,10,0.0006,0.6,0.002545672799084753,7,30,2970,30,2,1.0,0.0625
0.02,10,0.0006,0.6,0.002545672799084753,8,30,2970,30,2,1.0,0.0625
0.02,10,0.0006,0.6,0.002545672799084753,9,30,2970,30,4,1.0,0.11764705882352941
0.02,10,0.0008,0.8,0.0033941788403088016,0,30,2970,30,0,1.0,0.0
0.02,10,0.0008,0.8,0.0033941788403088016,1,30,2970,30,8,1.0,0.21052631578947367
0.02,10,0.0008,0.8,0.0033941788403088016,2,30,2970,30,1,1.0,0.03225806451612903
0.02,10,0.0008,0.8,0.0033941788403088016,3,30,2970,30,30,1.0,0.5
0.02,10,0.0008,0.8,0.0033941788403088016,4,30,2970,30,3,1.0,0.09090909090909091
0.02,10,0.0008,0.8,0.0033941788403088016,5,30,2970,30,8,1.0,0.21052631578947367
0.02,10,0.0008,0.8,0.0033941788403088016,6,30,2970,30,3,1.0,0.09090909090909091
0.02,10,0.0008,0.8,0.0033941788403088016,7,30,2970,30,5,1.0,0.14285714285714285
0.02,10,0.0008,0.8,0.0033941788403088016,8,30,2970,30,1,1.0,0.03225806451612903
0.02,10,0.0008,0.8,0.0033941788403088016,9,30,2970,30,2,1.0,0.0625
0.02,10,0.001,1.0,0.004242693719796422,0,30,2970,30,7,1.0,0.1891891891891892
0.02,10,0.001,1.0,0.004242693719796422,1,30,2970,30,5,1.0,0.14285714285714285
0.02,10,0.001,1.0,0.004242693719796422,2,30,2970,30,12,1.0,0.2857142857142857
0.02,10,0.001,1.0,0.004242693719796422,3,30,2970,30,16,1.0,0.34782608695652173
0.02,10,0.001,1.0,0.004242693719796422,4,30,2970,30,3,1.0,0.09090909090909091
0.02,10,0.001,1.0,0.004242693719796422,5,30,2970,30,8,1.0,0.21052631578947367
0.02,10,0.001,1.0,0.004242693719796422,6,30,2970,30,10,1.0,0.25
0.02,10,0.001,1.0,0.004242693719796422,7,30,2970,30,0,1.0,0.0
0.02,10,0.001,1.0,0.004242693719796422,8,30,2970,30,6,1.0,0.16666666666666666
0.02,10,0.001,1.0,0.004242693719796422,9,30,2970,30,20,1.0,0.4
0.02,20,5e-05,0.05,0.00021319005605327846,0,60,23940,60,0,1.0,0.0
0.02,20,5e-05,0.05,0.00021319005605327846,1,60,23940,60,0,1.0,0.0
0.02,20,5e-05,0.05,0.00021319005605327846,2,60,23940,60,0,1.0,0.0
0.02,20,5e-05,0.05,0.00021319005605327846,3,60,23940,60,0,1.0,0.0
0.02,20,5e-05,0.05,0.00021319005605327846,4,60,23940,60,0,1.0,0.0
0.02,20,5e-05,0.05,0.00021319005605327846,5,60,23940,60,0,1.0,0.0
0.02,20,5e-05,0.05,0.00021319005605327846,6,60,23940,60,0,1.0,0.0
0.02,20,5e-05,0.05,0.00021319005605327846,7,60,23940,60,0,1.0,0.0
0.02,20,5e-05,0.05,0.00021319005605327846,8,60,23940,60,0,1.0,0.0
0.02,20,5e-05,0.05,0.00021319005605327846,9,60,23940,60,0,1.0,0.0
0.02,20,0.0001,0.1,0.0004247940677551889,0,60,23940,60,0,1.0,0.0
0.02,20,0.0001,0.1,0.0004247940677551889,1,60,23940,60,1,1.0,0.01639344262295082
0.02,20,0.0001,0.1,0.0004247940677551889,2,60,23940,60,0,1.0,0.0
0.02,20,0.0001,0.1,0.0004247940677551889,3,60,23940,60,0,1.0,0.0
0.02,20,0.0001,0.1,0.0004247940677551889,4,60,23940,60,1,1.0,0.01639344262295082
0.02,20,0.0001,0.1,0.0004247940677551889,5,60,23940,60,0,1.0,0.0
0.02,20,0.0001,0.1,0.0004247940677551889,6,60,23940,60,0,1.0,0.0
0.02,20,0.0001,0.1,0.0004247940677551889,7,60,23940,60,0,1.0,0.0
0.02,20,0.0001,0.1,0.0004247940677551889,8,60,23940,60,0,1.0,0.0
0.02,20,0.0001,0.1,0.0004247940677551889,9,60,23940,60,1,1.0,0.01639344262295082
0.02,20,0.0002,0.2,0.0008487932610477066,0,60,23940,59,1,0.9833333333333333,0.016666666666666666
0.02,20,0.0002,0.2,0.0008487932610477066,1,60,23940,60,0,1.0,0.0
0.02,20,0.0002,0.2,0.0008487932610477066,2,60,23940,60,0,1.0,0.0
0.02,20,0.0002,0.2,0.0008487932610477066,3,60,23940,60,6,1.0,0.09090909090909091
0.02,20,0.0002,0.2,0.0008487932610477066,4,60,23940,60,0,1.0,0.0
0.02,20,0.0002,0.2,0.0008487932610477066,5,60,23940,60,1,1.0,0.01639344262295082
0.02,20,0.0002,0.2,0.0008487932610477066,6,60,23940,60,3,1.0,0.047619047619047616
0.02,20,0.0002,0.2,0.0008487932610477066,7,60,23940,60,1,1.0,0.01639344262295082
0.02,20,0.0002,0.2,0.0008487932610477066,8,60,23940,60,1,1.0,0.01639344262295082
0.02,20,0.0002,0.2,0.0008487932610477066,9,60,23940,60,4,1.0,0.0625
0.02,20,0.0004,0.4,0.0016971888521905864,0,60,23940,60,14,1.0,0.1891891891891892
0.02,20,0.0004,0.4,0.0016971888521905864,1,60,23940,60,11,1.0,0.15492957746478872
0.02,20,0.0004,0.4,0.0016971888521905864,2,60,23940,60,4,1.0,0.0625
0.02,20,0.0004,0.4,0.0016971888521905864,3,60,23940,60,11,1.0,0.15492957746478872
0.02,20,0.0004,0.4,0.0016971888521905864,4,60,23940,60,10,1.0,0.14285714285714285
0.02,20,0.0004,0.4,0.0016971888521905864,5,60,23940,60,6,1.0,0.09090909090909091
0.02,20,0.0004,0.4,0.0016971888521905864,6,60,23940,60,15,1.0,0.2
0.02,20,0.0004,0.4,0.0016971888521905864,7,60,23940,60,8,1.0,0.11764705882352941
0.02,20,0.0004,0.4,0.0016971888521905864,8,60,23940,60,15,1.0,0.2
0.02,20,0.0004,0.4,0.0016971888521905864,9,60,23940,60,15,1.0,0.2
0.02,20,0.0006,0.6,0.002545672799084753,0,60,23940,60,15,1.0,0.2
0.02,20,0.0006,0.6,0.002545672799084753,1,60,23940,60,10,1.0,0.14285714285714285
0.02,20,0.0006,0.6,0.002545672799084753,2,60,23940,60,8,1.0,0.11764705882352941
0.02,20,0.0006,0.6,0.002545672799084753,3,60,23940,60,47,1.0,0.4392523364485981
0.02,20,0.0006,0.6,0.002545672799084753,4,60,23940,60,18,1.0,0.23076923076923078
0.02,20,0.0006,0.6,0.002545672799084753,5,60,23940,60,10,1.0,0.14285714285714285
0.02,20,0.0006,0.6,0.002545672799084753,6,60,23940,60,25,1.0,0.29411764705882354
0.02,20,0.0006,0.6,0.002545672799084753,7,60,23940,60,30,1.0,0.3333333333333333
0.02,20,0.0006,0.6,0.002545672799084753,8,60,23940,60,15,1.0,0.2
0.02,20,0.0006,0.6,0.002545672799084753,9,60,23940,60,14,1.0,0.1891891891891892
0.02,20,0.0008,0.8,0.0033941788403088016,0,60,23940,60,27,1.0,0.3103448275862069
0.02,20,0.0008,0.8,0.0033941788403088016,1,60,23940,60,39,1.0,0.3939393939393939
0.02,20,0.0008,0.8,0.0033941788403088016,2,60,23940,60,39,1.0,0.3939393939393939
0.02,20,0.0008,0.8,0.0033941788403088016,3,60,23940,60,33,1.0,0.3548387096774194
0.02,20,0.0008,0.8,0.0033941788403088016,4,60,23940,60,27,1.0,0.3103448275862069
0.02,20,0.0008,0.8,0.0033941788403088016,5,60,23940,60,63,1.0,0.5121951219512195
0.02,20,0.0008,0.8,0.0033941788403088016,6,60,23940,60,35,1.0,0.3684210526315789
0.02,20,0.0008,0.8,0.0033941788403088016,7,60,23940,60,38,1.0,0.3877551020408163
0.02,20,0.0008,0.8,0.0033941788403088016,8,60,23940,60,19,1.0,0.24050632911392406
0.02,20,0.0008,0.8,0.0033941788403088016,9,60,23940,60,27,1.0,0.3103448275862069
0.02,20,0.001,1.0,0.004242693719796422,0,60,23940,60,55,1.0,0.4782608695652174
0.02,20,0.001,1.0,0.004242693719796422,1,60,23940,60,68,1.0,0.53125
0.02,20,0.001,1.0,0.004242693719796422,2,60,23940,60,32,1.0,0.34782608695652173
0.02,20,0.001,1.0,0.004242693719796422,3,60,23940,60,48,1.0,0.4444444444444444
0.02,20,0.001,1.0,0.004242693719796422,4,60,23940,59,50,0.9833333333333333,0.45871559633027525
0.02,20,0.001,1.0,0.004242693719796422,5,60,23940,60,55,1.0,0.4782608695652174
0.02,20,0.001,1.0,0.004242693719796422,6,60,23940,60,29,1.0,0.3258426966292135
0.02,20,0.001,1.0,0.004242693719796422,7,60,23940,60,61,1.0,0.5041322314049587
0.02,20,0.001,1.0,0.004242693719796422,8,60,23940,60,22,1.0,0.2682926829268293
0.02,20,0.001,1.0,0.004242693719796422,9,60,23940,60,29,1.0,0.3258426966292135
0.02,50,5e-05,0.05,0.00021319005605327846,0,150,374850,150,0,1.0,0.0
0.02,50,5e-05,0.05,0.00021319005605327846,1,150,374850,150,3,1.0,0.0196078431372549
0.02,50,5e-05,0.05,0.00021319005605327846,2,150,374850,150,3,1.0,0.0196078431372549
0.02,50,5e-05,0.05,0.00021319005605327846,3,150,374850,149,0,0.9933333333333333,0.0
0.02,50,5e-05,0.05,0.00021319005605327846,4,150,374850,150,1,1.0,0.006622516556291391
0.02,50,5e-05,0.05,0.00021319005605327846,5,150,374850,150,1,1.0,0.006622516556291391
0.02,50,5e-05,0.05,0.00021319005605327846,6,150,374850,150,1,1.0,0.006622516556291391
0.02,50,5e-05,0.05,0.00021319005605327846,7,150,374850,150,1,1.0,0.006622516556291391
0.02,50,5e-05,0.05,0.00021319005605327846,8,150,374850,150,1,1.0,0.006622516556291391
0.02,50,5e-05,0.05,0.00021319005605327846,9,150,374850,150,1,1.0,0.006622516556291391
0.02,50,0.0001,0.1,0.0004247940677551889,0,150,374850,150,5,1.0,0.03225806451612903
0.02,50,0.0001,0.1,0.0004247940677551889,1,150,374850,150,4,1.0,0.025974025974025976
0.02,50,0.0001,0.1,0.0004247940677551889,2,150,374850,150,3,1.0,0.0196078431372549
0.02,50,0.0001,0.1,0.0004247940677551889,3,150,374850,150,7,1.0,0.044585987261146494
0.02,50,0.0001,0.1,0.0004247940677551889,4,150,374850,150,2,1.0,0.013157894736842105
0.02,50,0.0001,0.1,0.0004247940677551889,5,150,374850,150,4,1.0,0.025974025974025976
0.02,50,0.0001,0.1,0.0004247940677551889,6,150,374850,150,5,1.0,0.03225806451612903
0.02,50,0.0001,0.1,0.0004247940677551889,7,150,374850,150,7,1.0,0.044585987261146494
0.02,50,0.0001,0.1,0.0004247940677551889,8,150,374850,150,4,1.0,0.025974025974025976
0.02,50,0.0001,0.1,0.0004247940677551889,9,150,374850,150,15,1.0,0.09090909090909091
0.02,50,0.0002,0.2,0.0008487932610477066,0,150,374850,150,16,1.0,0.0963855421686747
0.02,50,0.0002,0.2,0.0008487932610477066,1,150,374850,150,40,1.0,0.21052631578947367
0.02,50,0.0002,0.2,0.0008487932610477066,2,150,374850,150,32,1.0,0.17582417582417584
0.02,50,0.0002,0.2,0.0008487932610477066,3,150,374850,150,15,1.0,0.09090909090909091
0.02,50,0.0002,0.2,0.0008487932610477066,4,150,374850,150,25,1.0,0.14285714285714285
0.02,50,0.0002,0.2,0.0008487932610477066,5,150,374850,149,26,0.9933333333333333,0.14857142857142858
0.02,50,0.0002,0.2,0.0008487932610477066,6,150,374850,150,20,1.0,0.11764705882352941
0.02,50,0.0002,0.2,0.0008487932610477066,7,150,374850,150,21,1.0,0.12280701754385964
0.02,50,0.0002,0.2,0.0008487932610477066,8,150,374850,150,24,1.0,0.13793103448275862
0.02,50,0.0002,0.2,0.0008487932610477066,9,150,374850,150,67,1.0,0.3087557603686636
0.02,50,0.0004,0.4,0.0016971888521905864,0,150,374850,150,87,1.0,0.3670886075949367
0.02,50,0.0004,0.4,0.0016971888521905864,1,150,374850,150,92,1.0,0.38016528925619836
0.02,50,0.0004,0.4,0.0016971888521905864,2,150,374850,150,74,1.0,0.33035714285714285
0.02,50,0.0004,0.4,0.0016971888521905864,3,150,374850,150,88,1.0,0.3697478991596639
0.02,50,0.0004,0.4,0.0016971888521905864,4,150,374850,150,108,1.0,0.4186046511627907
0.02,50,0.0004,0.4,0.0016971888521905864,5,150,374850,150,122,1.0,0.4485294117647059
0.02,50,0.0004,0.4,0.0016971888521905864,6,150,374850,150,54,1.0,0.2647058823529412
0.02,50,0.0004,0.4,0.0016971888521905864,7,150,374850,150,101,1.0,0.40239043824701193
0.02,50,0.0004,0.4,0.0016971888521905864,8,150,374850,150,99,1.0,0.39759036144578314
0.02,50,0.0004,0.4,0.0016971888521905864,9,150,374850,150,107,1.0,0.4163424124513619
0.02,50,0.0006,0.6,0.002545672799084753,0,150,374850,150,226,1.0,0.601063829787234
0.02,50,0.0006,0.6,0.002545672799084753,1,150,374850,150,154,1.0,0.506578947368421
0.02,50,0.0006,0.6,0.002545672799084753,2,150,374850,150,273,1.0,0.6453900709219859
0.02,50,0.0006,0.6,0.002545672799084753,3,150,374850,150,201,1.0,0.5726495726495726
0.02,50,0.0006,0.6,0.002545672799084753,4,150,374850,150,173,1.0,0.5356037151702786
0.02,50,0.0006,0.6,0.002545672799084753,5,150,374850,150,253,1.0,0.6277915632754343
0.02,50,0.0006,0.6,0.002545672799084753,6,150,374850,150,167,1.0,0.526813880126183
0.02,50,0.0006,0.6,0.002545672799084753,7,150,374850,150,165,1.0,0.5238095238095238
0.02,50,0.0006,0.6,0.002545672799084753,8,150,374850,150,282,1.0,0.6527777777777778
0.02,50,0.0006,0.6,0.002545672799084753,9,150,374850,150,173,1.0,0.5356037151702786
0.02,50,0.0008,0.8,0.0033941788403088016,0,150,374850,150,318,1.0,0.6794871794871795
0.02,50,0.0008,0.8,0.0033941788403088016,1,150,374850,150,305,1.0,0.6703296703296703
0.02,50,0.0008,0.8,0.0033941788403088016,2,150,374850,150,395,1.0,0.7247706422018348
0.02,50,0.0008,0.8,0.0033941788403088016,3,150,374850,150,329,1.0,0.6868475991649269
0.02,50,0.0008,0.8,0.0033941788403088016,4,150,374850,150,380,1.0,0.7169811320754716
0.02,50,0.0008,0.8,0.0033941788403088016,5,150,374850,150,336,1.0,0.691358024691358
0.02,50,0.0008,0.8,0.0033941788403088016,6,150,374850,150,366,1.0,0.7093023255813954
0.02,50,0.0008,0.8,0.0033941788403088016,7,150,374850,150,394,1.0,0.7242647058823529
0.02,50,0.0008,0.8,0.0033941788403088016,8,150,374850,150,420,1.0,0.7368421052631579
0.02,50,0.0008,0.8,0.0033941788403088016,9,150,374850,150,431,1.0,0.7418244406196214
0.02,50,0.001,1.0,0.004242693719796422,0,150,374850,150,472,1.0,0.7588424437299035
0.02,50,0.001,1.0,0.004242693719796422,1,150,374850,150,504,1.0,0.7706422018348624
0.02,50,0.001,1.0,0.004242693719796422,2,150,374850,150,532,1.0,0.7800586510263929
0.02,50,0.001,1.0,0.004242693719796422,3,150,374850,150,519,1.0,0.7757847533632287
0.02,50,0.001,1.0,0.004242693719796422,4,150,374850,150,696,1.0,0.8226950354609929
0.02,50,0.001,1.0,0.004242693719796422,5,150,374850,150,762,1.0,0.8355263157894737
0.02,50,0.001,1.0,0.004242693719796422,6,150,374850,150,505,1.0,0.7709923664122137
0.02,50,0.001,1.0,0.004242693719796422,7,150,374850,150,575,1.0,0.7931034482758621
0.02,50,0.001,1.0,0.004242693719796422,8,150,374850,150,565,1.0,0.7902097902097902
0.02,50,0.001,1.0,0.004242693719796422,9,150,374850,150,427,1.0,0.7400346620450606
0.02,100,5e-05,0.05,0.00021319005605327846,0,300,2999700,300,10,1.0,0.03225806451612903
0.02,100,5e-05,0.05,0.00021319005605327846,1,300,2999700,300,20,1.0,0.0625
0.02,100,5e-05,0.05,0.00021319005605327846,2,300,2999700,300,14,1.0,0.044585987261146494
0.02,100,5e-05,0.05,0.00021319005605327846,3,300,2999700,300,30,1.0,0.09090909090909091
0.02,100,5e-05,0.05,0.00021319005605327846,4,300,2999700,300,17,1.0,0.05362776025236593
0.02,100,5e-05,0.05,0.00021319005605327846,5,300,2999700,300,6,1.0,0.0196078431372549
0.02,100,5e-05,0.05,0.00021319005605327846,6,300,2999700,300,10,1.0,0.03225806451612903
0.02,100,5e-05,0.05,0.00021319005605327846,7,300,2999700,300,4,1.0,0.013157894736842105
0.02,100,5e-05,0.05,0.00021319005605327846,8,300,2999700,300,4,1.0,0.013157894736842105
0.02,100,5e-05,0.05,0.00021319005605327846,9,300,2999700,300,7,1.0,0.02280130293159609
0.02,100,0.0001,0.1,0.0004247940677551889,0,300,2999700,300,55,1.0,0.15492957746478872
0.02,100,0.0001,0.1,0.0004247940677551889,1,300,2999700,300,45,1.0,0.13043478260869565
0.02,100,0.0001,0.1,0.0004247940677551889,2,300,2999700,300,38,1.0,0.11242603550295859
0.02,100,0.0001,0.1,0.0004247940677551889,3,300,2999700,300,53,1.0,0.1501416430594901
0.02,100,0.0001,0.1,0.0004247940677551889,4,300,2999700,300,45,1.0,0.13043478260869565
0.02,100,0.0001,0.1,0.0004247940677551889,5,300,2999700,300,45,1.0,0.13043478260869565
0.02,100,0.0001,0.1,0.0004247940677551889,6,300,2999700,300,43,1.0,0.12536443148688048
0.02,100,0.0001,0.1,0.0004247940677551889,7,300,2999700,300,30,1.0,0.09090909090909091
0.02,100,0.0001,0.1,0.0004247940677551889,8,300,2999700,300,53,1.0,0.1501416430594901
0.02,100,0.0001,0.1,0.0004247940677551889,9,300,2999700,300,41,1.0,0.12023460410557185
0.02,100,0.0002,0.2,0.0008487932610477066,0,300,2999700,300,197,1.0,0.3963782696177062
0.02,100,0.0002,0.2,0.0008487932610477066,1,300,2999700,300,167,1.0,0.3576017130620985
0.02,100,0.0002,0.2,0.0008487932610477066,2,300,2999700,300,150,1.0,0.3333333333333333
0.02,100,0.0002,0.2,0.0008487932610477066,3,300,2999700,300,173,1.0,0.3657505285412262
0.02,100,0.0002,0.2,0.0008487932610477066,4,300,2999700,300,169,1.0,0.3603411513859275
0.02,100,0.0002,0.2,0.0008487932610477066,5,300,2999700,300,151,1.0,0.3348115299334812
0.02,100,0.0002,0.2,0.0008487932610477066,6,300,2999700,300,179,1.0,0.3736951983298539
0.02,100,0.0002,0.2,0.0008487932610477066,7,300,2999700,300,167,1.0,0.3576017130620985
0.02,100,0.0002,0.2,0.0008487932610477066,8,300,2999700,300,181,1.0,0.3762993762993763
0.02,100,0.0002,0.2,0.0008487932610477066,9,300,2999700,300,130,1.0,0.3023255813953488
0.02,100,0.0004,0.4,0.0016971888521905864,0,300,2999700,300,637,1.0,0.67982924226254
0.02,100,0.0004,0.4,0.0016971888521905864,1,300,2999700,300,684,1.0,0.6951219512195121
0.02,100,0.0004,0.4,0.0016971888521905864,2,300,2999700,300,763,1.0,0.7177798682972719
0.02,100,0.0004,0.4,0.0016971888521905864,3,300,2999700,300,707,1.0,0.702085402184707
0.02,100,0.0004,0.4,0.0016971888521905864,4,300,2999700,300,697,1.0,0.6990972918756269
0.02,100,0.0004,0.4,0.0016971888521905864,5,300,2999700,300,638,1.0,0.6801705756929638
0.02,100,0.0004,0.4,0.0016971888521905864,6,300,2999700,300,671,1.0,0.6910401647785788
0.02,100,0.0004,0.4,0.0016971888521905864,7,300,2999700,300,673,1.0,0.6916752312435765
0.02,100,0.0004,0.4,0.0016971888521905864,8,300,2999700,300,686,1.0,0.6957403651115619
0.02,100,0.0004,0.4,0.0016971888521905864,9,300,2999700,300,653,1.0,0.6852046169989506
0.02,100,0.0006,0.6,0.002545672799084753,0,300,2999700,300,1679,1.0,0.8484082870136432
0.02,100,0.0006,0.6,0.002545672799084753,1,300,2999700,300,1531,1.0,0.8361551064991808
0.02,100,0.0006,0.6,0.002545672799084753,2,300,2999700,300,1322,1.0,0.815043156596794
0.02,100,0.0006,0.6,0.002545672799084753,3,300,2999700,300,1527,1.0,0.8357963875205254
0.02,100,0.0006,0.6,0.002545672799084753,4,300,2999700,300,1638,1.0,0.8452012383900929
0.02,100,0.0006,0.6,0.002545672799084753,5,300,2999700,300,1498,1.0,0.8331479421579533
0.02,100,0.0006,0.6,0.002545672799084753,6,300,2999700,300,1691,1.0,0.8493219487694625
0.02,100,0.0006,0.6,0.002545672799084753,7,300,2999700,300,1554,1.0,0.8381877022653722
0.02,100,0.0006,0.6,0.002545672799084753,8,300,2999700,300,1368,1.0,0.8201438848920863
0.02,100,0.0006,0.6,0.002545672799084753,9,300,2999700,300,1684,1.0,0.8487903225806451
0.02,100,0.0008,0.8,0.0033941788403088016,0,300,2999700,300,3056,1.0,0.9106078665077473
0.02,100,0.0008,0.8,0.0033941788403088016,1,300,2999700,300,2544,1.0,0.8945147679324894
0.02,100,0.0008,0.8,0.0033941788403088016,2,300,2999700,300,3009,1.0,0.9093381686310064
0.02,100,0.0008,0.8,0.0033941788403088016,3,300,2999700,300,2731,1.0,0.9010227647641043
0.02,100,0.0008,0.8,0.0033941788403088016,4,300,2999700,300,2303,1.0,0.8847483672685363
0.02,100,0.0008,0.8,0.0033941788403088016,5,300,2999700,300,2538,1.0,0.8942917547568711
0.02,100,0.0008,0.8,0.0033941788403088016,6,300,2999700,300,2721,1.0,0.900695134061569
0.02,100,0.0008,0.8,0.0033941788403088016,7,300,2999700,300,2365,1.0,0.8874296435272045
0.02,100,0.0008,0.8,0.0033941788403088016,8,300,2999700,300,2738,1.0,0.9012508229098091
0.02,100,0.0008,0.8,0.0033941788403088016,9,300,2999700,300,2513,1.0,0.8933522929257021
0.02,100,0.001,1.0,0.004242693719796422,0,300,2999700,300,3917,1.0,0.9288593787052407
0.02,100,0.001,1.0,0.004242693719796422,1,300,2999700,300,4478,1.0,0.9372122226873169
0.02,100,0.001,1.0,0.004242693719796422,2,300,2999700,300,4046,1.0,0.9309710078232858
0.02,100,0.001,1.0,0.004242693719796422,3,300,2999700,300,4498,1.0,0.9374739474781159
0.02,100,0.001,1.0,0.004242693719796422,4,300,2999700,300,4216,1.0,0.933569530558016
0.02,100,0.001,1.0,0.004242693719796422,5,300,2999700,299,3877,0.9966666666666667,0.9284003831417624
0.02,100,0.001,1.0,0.004242693719796422,6,300,2999700,300,3860,1.0,0.9278846153846154
0.02,100,0.001,1.0,0.004242693719796422,7,300,2999700,300,3544,1.0,0.9219562955254943
0.02,100,0.001,1.0,0.004242693719796422,8,300,2999700,300,3857,1.0,0.9278325715660332
0.02,100,0.001,1.0,0.004242693719796422,9,300,2999700,300,4005,1.0,0.9303135888501742
0.2,10,5e-05,0.05,0.00021319005605327846,0,30,2970,30,0,1.0,0.0
0.2,10,5e-05,0.05,0.00021319005605327846,1,30,2970,30,0,1.0,0.0
0.2,10,5e-05,0.05,0.00021319005605327846,2,30,2970,30,0,1.0,0.0
0.2,10,5e-05,0.05,0.00021319005605327846,3,30,2970,30,0,1.0,0.0
0.2,10,5e-05,0.05,0.00021319005605327846,4,30,2970,30,0,1.0,0.0
0.2,10,5e-05,0.05,0.00021319005605327846,5,30,2970,30,0,1.0,0.0
0.2,10,5e-05,0.05,0.00021319005605327846,6,30,2970,30,0,1.0,0.0
0.2,10,5e-05,0.05,0.00021319005605327846,7,30,2970,30,0,1.0,0.0
0.2,10,5e-05,0.05,0.00021319005605327846,8,30,2970,30,0,1.0,0.0
0.2,10,5e-05,0.05,0.00021319005605327846,9,30,2970,30,0,1.0,0.0
0.2,10,0.0001,0.1,0.0004247940677551889,0,30,2970,30,0,1.0,0.0
0.2,10,0.0001,0.1,0.0004247940677551889,1,30,2970,30,0,1.0,0.0
0.2,10,0.0001,0.1,0.0004247940677551889,2,30,2970,30,0,1.0,0.0
0.2,10,0.0001,0.1,0.0004247940677551889,3,30,2970,30,0,1.0,0.0
0.2,10,0.0001,0.1,0.0004247940677551889,4,30,2970,30,0,1.0,0.0
0.2,10,0.0001,0.1,0.0004247940677551889,5,30,2970,30,0,1.0,0.0
0.2,10,0.0001,0.1,0.0004247940677551889,6,30,2970,30,0,1.0,0.0
0.2,10,0.0001,0.1,0.0004247940677551889,7,30,2970,30,0,1.0,0.0
0.2,10,0.0001,0.1,0.0004247940677551889,8,30,2970,30,0,1.0,0.0
0.2,10,0.0001,0.1,0.0004247940677551889,9,30,2970,30,0,1.0,0.0
0.2,10,0.0002,0.2,0.0008487932610477066,0,30,2970,30,0,1.0,0.0
0.2,10,0.0002,0.2,0.0008487932610477066,1,30,2970,30,0,1.0,0.0
0.2,10,0.0002,0.2,0.0008487932610477066,2,30,2970,30,0,1.0,0.0
0.2,10,0.0002,0.2,0.0008487932610477066,3,30,2970,30,0,1.0,0.0
0.2,10,0.0002,0.2,0.0008487932610477066,4,30,2970,30,0,1.0,0.0
0.2,10,0.0002,0.2,0.0008487932610477066,5,30,2970,30,0,1.0,0.0
0.2,10,0.0002,0.2,0.0008487932610477066,6,30,2970,30,0,1.0,0.0
0.2,10,0.0002,0.2,0.0008487932610477066,7,30,2970,30,0,1.0,0.0
0.2,10,0.0002,0.2,0.0008487932610477066,8,30,2970,30,0,1.0,0.0
0.2,10,0.0002,0.2,0.0008487932610477066,9,30,2970,30,0,1.0,0.0
0.2,10,0.0004,0.4,0.0016971888521905864,0,30,2970,30,0,1.0,0.0
0.2,10,0.0004,0.4,0.0016971888521905864,1,30,2970,30,0,1.0,0.0
0.2,10,0.0004,0.4,0.0016971888521905864,2,30,2970,30,0,1.0,0.0
0.2,10,0.0004,0.4,0.0016971888521905864,3,30,2970,30,0,1.0,0.0
0.2,10,0.0004,0.4,0.0016971888521905864,4,30,2970,30,0,1.0,0.0
0.2,10,0.0004,0.4,0.0016971888521905864,5,30,2970,30,0,1.0,0.0
0.2,10,0.0004,0.4,0.0016971888521905864,6,30,2970,30,0,1.0,0.0
0.2,10,0.0004,0.4,0.0016971888521905864,7,30,2970,30,0,1.0,0.0
0.2,10,0.0004,0.4,0.0016971888521905864,8,30,2970,30,0,1.0,0.0
0.2,10,0.0004,0.4,0.0016971888521905864,9,30,2970,30,0,1.0,0.0
0.2,10,0.0006,0.6,0.002545672799084753,0,30,2970,30,0,1.0,0.0
0.2,10,0.0006,0.6,0.002545672799084753,1,30,2970,30,0,1.0,0.0
0.2,10,0.0006,0.6,0.002545672799084753,2,30,2970,30,0,1.0,0.0
0.2,10,0.0006,0.6,0.002545672799084753,3,30,2970,30,0,1.0,0.0
0.2,10,0.0006,0.6,0.002545672799084753,4,30,2970,30,0,1.0,0.0
0.2,10,0.0006,0.6,0.002545672799084753,5,30,2970,30,0,1.0,0.0
0.2,10,0.0006,0.6,0.002545672799084753,6,30,2970,30,0,1.0,0.0
0.2,10,0.0006,0.6,0.002545672799084753,7,30,2970,30,0,1.0,0.0
0.2,10,0.0006,0.6,0.002545672799084753,8,30,2970,30,0,1.0,0.0
0.2,10,0.0006,0.6,0.002545672799084753,9,30,2970,30,0,1.0,0.0
0.2,10,0.0008,0.8,0.0033941788403088016,0,30,2970,30,0,1.0,0.0
0.2,10,0.0008,0.8,0.0033941788403088016,1,30,2970,30,0,1.0,0.0
0.2,10,0.0008,0.8,0.0033941788403088016,2,30,2970,30,0,1.0,0.0
0.2,10,0.0008,0.8,0.0033941788403088016,3,30,2970,30,0,1.0,0.0
0.2,10,0.0008,0.8,0.0033941788403088016,4,30,2970,30,0,1.0,0.0
0.2,10,0.0008,0.8,0.0033941788403088016,5,30,2970,30,0,1.0,0.0
0.2,10,0.0008,0.8,0.0033941788403088016,6,30,2970,30,0,1.0,0.0
0.2,10,0.0008,0.8,0.0033941788403088016,7,30,2970,30,0,1.0,0.0
0.2,10,0.0008,0.8,0.0033941788403088016,8,30,2970,30,0,1.0,0.0
0.2,10,0.0008,0.8,0.0033941788403088016,9,30,2970,30,0,1.0,0.0
0.2,10,0.001,1.0,0.004242693719796422,0,30,2970,30,0,1.0,0.0
0.2,10,0.001,1.0,0.004242693719796422,1,30,2970,30,0,1.0,0.0
0.2,10,0.001,1.0,0.004242693719796422,2,30,2970,30,0,1.0,0.0
0.2,10,0.001,1.0,0.004242693719796422,3,30,2970,30,0,1.0,0.0
0.2,10,0.001,1.0,0.004242693719796422,4,30,2970,30,0,1.0,0.0
0.2,10,0.001,1.0,0.004242693719796422,5,30,2970,30,0,1.0,0.0
0.2,10,0.001,1.0,0.004242693719796422,6,30,2970,30,0,1.0,0.0
0.2,10,0.001,1.0,0.004242693719796422,7,30,2970,30,0,1.0,0.0
0.2,10,0.001,1.0,0.004242693719796422,8,30,2970,30,0,1.0,0.0
0.2,10,0.001,1.0,0.004242693719796422,9,30,2970,30,0,1.0,0.0
0.2,20,5e-05,0.05,0.00021319005605327846,0,60,23940,60,0,1.0,0.0
0.2,20,5e-05,0.05,0.00021319005605327846,1,60,23940,60,0,1.0,0.0
0.2,20,5e-05,0.05,0.00021319005605327846,2,60,23940,60,0,1.0,0.0
0.2,20,5e-05,0.05,0.00021319005605327846,3,60,23940,60,0,1.0,0.0
0.2,20,5e-05,0.05,0.00021319005605327846,4,60,23940,60,0,1.0,0.0
0.2,20,5e-05,0.05,0.00021319005605327846,5,60,23940,60,0,1.0,0.0
0.2,20,5e-05,0.05,0.00021319005605327846,6,60,23940,60,0,1.0,0.0
0.2,20,5e-05,0.05,0.00021319005605327846,7,60,23940,60,0,1.0,0.0
0.2,20,5e-05,0.05,0.00021319005605327846,8,60,23940,60,0,1.0,0.0
0.2,20,5e-05,0.05,0.00021319005605327846,9,60,23940,60,0,1.0,0.0
0.2,20,0.0001,0.1,0.0004247940677551889,0,60,23940,60,0,1.0,0.0
0.2,20,0.0001,0.1,0.0004247940677551889,1,60,23940,60,0,1.0,0.0
0.2,20,0.0001,0.1,0.0004247940677551889,2,60,23940,60,0,1.0,0.0
0.2,20,0.0001,0.1,0.0004247940677551889,3,60,23940,60,0,1.0,0.0
0.2,20,0.0001,0.1,0.0004247940677551889,4,60,23940,60,0,1.0,0.0
0.2,20,0.0001,0.1,0.0004247940677551889,5,60,23940,60,0,1.0,0.0
0.2,20,0.0001,0.1,0.0004247940677551889,6,60,23940,60,0,1.0,0.0
0.2,20,0.0001,0.1,0.0004247940677551889,7,60,23940,60,0,1.0,0.0
0.2,20,0.0001,0.1,0.0004247940677551889,8,60,23940,60,0,1.0,0.0
0.2,20,0.0001,0.1,0.0004247940677551889,9,60,23940,60,0,1.0,0.0
0.2,20,0.0002,0.2,0.0008487932610477066,0,60,23940,60,0,1.0,0.0
0.2,20,0.0002,0.2,0.0008487932610477066,1,60,23940,60,0,1.0,0.0
0.2,20,0.0002,0.2,0.0008487932610477066,2,60,23940,60,0,1.0,0.0
0.2,20,0.0002,0.2,0.0008487932610477066,3,60,23940,60,0,1.0,0.0
0.2,20,0.0002,0.2,0.0008487932610477066,4,60,23940,60,0,1.0,0.0
0.2,20,0.0002,0.2,0.0008487932610477066,5,60,23940,60,0,1.0,0.0
0.2,20,0.0002,0.2,0.0008487932610477066,6,60,23940,60,0,1.0,0.0
0.2,20,0.0002,0.2,0.0008487932610477066,7,60,23940,60,0,1.0,0.0
0.2,20,0.0002,0.2,0.0008487932610477066,8,60,23940,60,0,1.0,0.0
0.2,20,0.0002,0.2,0.0008487932610477066,9,60,23940,60,0,1.0,0.0
0.2,20,0.0004,0.4,0.0016971888521905864,0,60,23940,60,0,1.0,0.0
0.2,20,0.0004,0.4,0.0016971888521905864,1,60,23940,60,0,1.0,0.0
0.2,20,0.0004,0.4,0.0016971888521905864,2,60,23940,60,0,1.0,0.0
0.2,20,0.0004,0.4,0.0016971888521905864,3,60,23940,60,0,1.0,0.0
0.2,20,0.0004,0.4,0.0016971888521905864,4,60,23940,60,0,1.0,0.0
0.2,20,0.0004,0.4,0.0016971888521905864,5,60,23940,60,12,1.0,0.16666666666666666
0.2,20,0.0004,0.4,0.0016971888521905864,6,60,23940,60,0,1.0,0.0
0.2,20,0.0004,0.4,0.0016971888521905864,7,60,23940,60,0,1.0,0.0
0.2,20,0.0004,0.4,0.0016971888521905864,8,60,23940,60,0,1.0,0.0
0.2,20,0.0004,0.4,0.0016971888521905864,9,60,23940,60,0,1.0,0.0
0.2,20,0.0006,0.6,0.002545672799084753,0,60,23940,60,0,1.0,0.0
0.2,20,0.0006,0.6,0.002545672799084753,1,60,23940,60,0,1.0,0.0
0.2,20,0.0006,0.6,0.002545672799084753,2,60,23940,60,0,1.0,0.0
0.2,20,0.0006,0.6,0.002545672799084753,3,60,23940,60,0,1.0,0.0
0.2,20,0.0006,0.6,0.002545672799084753,4,60,23940,60,2,1.0,0.03225806451612903
0.2,20,0.0006,0.6,0.002545672799084753,5,60,23940,60,0,1.0,0.0
0.2,20,0.0006,0.6,0.002545672799084753,6,60,23940,60,0,1.0,0.0
0.2,20,0.0006,0.6,0.002545672799084753,7,60,23940,60,0,1.0,0.0
0.2,20,0.0006,0.6,0.002545672799084753,8,60,23940,60,0,1.0,0.0
0.2,20,0.0006,0.6,0.002545672799084753,9,60,23940,60,0,1.0,0.0
0.2,20,0.0008,0.8,0.0033941788403088016,0,60,23940,60,0,1.0,0.0
0.2,20,0.0008,0.8,0.0033941788403088016,1,60,23940,60,0,1.0,0.0
0.2,20,0.0008,0.8,0.0033941788403088016,2,60,23940,60,3,1.0,0.047619047619047616
0.2,20,0.0008,0.8,0.0033941788403088016,3,60,23940,60,0,1.0,0.0
0.2,20,0.0008,0.8,0.0033941788403088016,4,60,23940,60,1,1.0,0.01639344262295082
0.2,20,0.0008,0.8,0.0033941788403088016,5,60,23940,60,0,1.0,0.0
0.2,20,0.0008,0.8,0.0033941788403088016,6,60,23940,60,1,1.0,0.01639344262295082
0.2,20,0.0008,0.8,0.0033941788403088016,7,60,23940,60,0,1.0,0.0
0.2,20,0.0008,0.8,0.0033941788403088016,8,60,23940,60,0,1.0,0.0
0.2,20,0.0008,0.8,0.0033941788403088016,9,60,23940,60,0,1.0,0.0
0.2,20,0.001,1.0,0.004242693719796422,0,60,23940,60,0,1.0,0.0
0.2,20,0.001,1.0,0.004242693719796422,1,60,23940,60,1,1.0,0.01639344262295082
0.2,20,0.001,1.0,0.004242693719796422,2,60,23940,60,1,1.0,0.01639344262295082
0.2,20,0.001,1.0,0.004242693719796422,3,60,23940,60,1,1.0,0.01639344262295082
0.2,20,0.001,1.0,0.004242693719796422,4,60,23940,60,0,1.0,0.0
0.2,20,0.001,1.0,0.004242693719796422,5,60,23940,60,1,1.0,0.01639344262295082
0.2,20,0.001,1.0,0.004242693719796422,6,60,23940,60,0,1.0,0.0
0.2,20,0.001,1.0,0.004242693719796422,7,60,23940,60,1,1.0,0.01639344262295082
0.2,20,0.001,1.0,0.004242693719796422,8,60,23940,60,0,1.0,0.0
0.2,20,0.001,1.0,0.004242693719796422,9,60,23940,60,0,1.0,0.0
0.2,50,5e-05,0.05,0.00021319005605327846,0,150,374850,150,0,1.0,0.0
0.2,50,5e-05,0.05,0.00021319005605327846,1,150,374850,150,0,1.0,0.0
0.2,50,5e-05,0.05,0.00021319005605327846,2,150,374850,150,0,1.0,0.0
0.2,50,5e-05,0.05,0.00021319005605327846,3,150,374850,150,0,1.0,0.0
0.2,50,5e-05,0.05,0.00021319005605327846,4,150,374850,150,0,1.0,0.0
0.2,50,5e-05,0.05,0.00021319005605327846,5,150,374850,150,0,1.0,0.0
0.2,50,5e-05,0.05,0.00021319005605327846,6,150,374850,150,0,1.0,0.0
0.2,50,5e-05,0.05,0.00021319005605327846,7,150,374850,150,0,1.0,0.0
0.2,50,5e-05,0.05,0.00021319005605327846,8,150,374850,150,0,1.0,0.0
0.2,50,5e-05,0.05,0.00021319005605327846,9,150,374850,150,0,1.0,0.0
0.2,50,0.0001,0.1,0.0004247940677551889,0,150,374850,150,1,1.0,0.006622516556291391
0.2,50,0.0001,0.1,0.0004247940677551889,1,150,374850,150,0,1.0,0.0
0.2,50,0.0001,0.1,0.0004247940677551889,2,150,374850,150,0,1.0,0.0
0.2,50,0.0001,0.1,0.0004247940677551889,3,150,374850,150,0,1.0,0.0
0.2,50,0.0001,0.1,0.0004247940677551889,4,150,374850,150,0,1.0,0.0
0.2,50,0.0001,0.1,0.0004247940677551889,5,150,374850,150,0,1.0,0.0
0.2,50,0.0001,0.1,0.0004247940677551889,6,150,374850,150,0,1.0,0.0
0.2,50,0.0001,0.1,0.0004247940677551889,7,150,374850,150,0,1.0,0.0
0.2,50,0.0001,0.1,0.0004247940677551889,8,150,374850,150,0,1.0,0.0
0.2,50,0.0001,0.1,0.0004247940677551889,9,150,374850,150,0,1.0,0.0
0.2,50,0.0002,0.2,0.0008487932610477066,0,150,374850,150,0,1.0,0.0
0.2,50,0.0002,0.2,0.0008487932610477066,1,150,374850,150,0,1.0,0.0
0.2,50,0.0002,0.2,0.0008487932610477066,2,150,374850,150,0,1.0,0.0
0.2,50,0.0002,0.2,0.0008487932610477066,3,150,374850,150,0,1.0,0.0
0.2,50,0.0002,0.2,0.0008487932610477066,4,150,374850,150,0,1.0,0.0
0.2,50,0.0002,0.2,0.0008487932610477066,5,150,374850,150,0,1.0,0.0
0.2,50,0.0002,0.2,0.0008487932610477066,6,150,374850,150,0,1.0,0.0
0.2,50,0.0002,0.2,0.0008487932610477066,7,150,374850,150,1,1.0,0.006622516556291391
0.2,50,0.0002,0.2,0.0008487932610477066,8,150,374850,150,0,1.0,0.0
0.2,50,0.0002,0.2,0.0008487932610477066,9,150,374850,150,0,1.0,0.0
0.2,50,0.0004,0.4,0.0016971888521905864,0,150,374850,150,0,1.0,0.0
0.2,50,0.0004,0.4,0.0016971888521905864,1,150,374850,150,2,1.0,0.013157894736842105
0.2,50,0.0004,0.4,0.0016971888521905864,2,150,374850,150,2,1.0,0.013157894736842105
0.2,50,0.0004,0.4,0.0016971888521905864,3,150,374850,150,1,1.0,0.006622516556291391
0.2,50,0.0004,0.4,0.0016971888521905864,4,150,374850,150,2,1.0,0.013157894736842105
0.2,50,0.0004,0.4,0.0016971888521905864,5,150,374850,150,1,1.0,0.006622516556291391
0.2,50,0.0004,0.4,0.0016971888521905864,6,150,374850,150,0,1.0,0.0
0.2,50,0.0004,0.4,0.0016971888521905864,7,150,374850,150,1,1.0,0.006622516556291391
0.2,50,0.0004,0.4,0.0016971888521905864,8,150,374850,149,0,0.9933333333333333,0.0
0.2,50,0.0004,0.4,0.0016971888521905864,9,150,374850,150,0,1.0,0.0
0.2,50,0.0006,0.6,0.002545672799084753,0,150,374850,150,2,1.0,0.013157894736842105
0.2,50,0.0006,0.6,0.002545672799084753,1,150,374850,150,4,1.0,0.025974025974025976
0.2,50,0.0006,0.6,0.002545672799084753,2,150,374850,150,2,1.0,0.013157894736842105
0.2,50,0.0006,0.6,0.002545672799084753,3,150,374850,150,1,1.0,0.006622516556291391
0.2,50,0.0006,0.6,0.002545672799084753,4,150,374850,150,2,1.0,0.013157894736842105
0.2,50,0.0006,0.6,0.002545672799084753,5,150,374850,150,4,1.0,0.025974025974025976
0.2,50,0.0006,0.6,0.002545672799084753,6,150,374850,150,0,1.0,0.0
0.2,50,0.0006,0.6,0.002545672799084753,7,150,374850,150,1,1.0,0.006622516556291391
0.2,50,0.0006,0.6,0.002545672799084753,8,150,374850,150,1,1.0,0.006622516556291391
0.2,50,0.0006,0.6,0.002545672799084753,9,150,374850,150,2,1.0,0.013157894736842105
0.2,50,0.0008,0.8,0.0033941788403088016,0,150,374850,150,3,1.0,0.0196078431372549
0.2,50,0.0008,0.8,0.0033941788403088016,1,150,374850,150,3,1.0,0.0196078431372549
0.2,50,0.0008,0.8,0.0033941788403088016,2,150,374850,150,1,1.0,0.006622516556291391
0.2,50,0.0008,0.8,0.0033941788403088016,3,150,374850,150,6,1.0,0.038461538461538464
0.2,50,0.0008,0.8,0.0033941788403088016,4,150,374850,150,5,1.0,0.03225806451612903
0.2,50,0.0008,0.8,0.0033941788403088016,5,150,374850,150,5,1.0,0.03225806451612903
0.2,50,0.0008,0.8,0.0033941788403088016,6,150,374850,150,1,1.0,0.006622516556291391
0.2,50,0.0008,0.8,0.0033941788403088016,7,150,374850,150,1,1.0,0.006622516556291391
0.2,50,0.0008,0.8,0.0033941788403088016,8,150,374850,150,6,1.0,0.038461538461538464
0.2,50,0.0008,0.8,0.0033941788403088016,9,150,374850,150,2,1.0,0.013157894736842105
0.2,50,0.001,1.0,0.004242693719796422,0,150,374850,150,8,1.0,0.05063291139240506
0.2,50,0.001,1.0,0.004242693719796422,1,150,374850,150,3,1.0,0.0196078431372549
0.2,50,0.001,1.0,0.004242693719796422,2,150,374850,150,4,1.0,0.025974025974025976
0.2,50,0.001,1.0,0.004242693719796422,3,150,374850,150,5,1.0,0.03225806451612903
0.2,50,0.001,1.0,0.004242693719796422,4,150,374850,150,1,1.0,0.006622516556291391
0.2,50,0.001,1.0,0.004242693719796422,5,150,374850,150,8,1.0,0.05063291139240506
0.2,50,0.001,1.0,0.004242693719796422,6,150,374850,150,4,1.0,0.025974025974025976
0.2,50,0.001,1.0,0.004242693719796422,7,150,374850,150,5,1.0,0.03225806451612903
0.2,50,0.001,1.0,0.004242693719796422,8,150,374850,150,9,1.0,0.05660377358490566
0.2,50,0.001,1.0,0.004242693719796422,9,150,374850,150,6,1.0,0.038461538461538464
0.2,100,5e-05,0.05,0.00021319005605327846,0,300,2999700,300,0,1.0,0.0
0.2,100,5e-05,0.05,0.00021319005605327846,1,300,2999700,300,0,1.0,0.0
0.2,100,5e-05,0.05,0.00021319005605327846,2,300,2999700,300,0,1.0,0.0
0.2,100,5e-05,0.05,0.00021319005605327846,3,300,2999700,300,0,1.0,0.0
0.2,100,5e-05,0.05,0.00021319005605327846,4,300,2999700,300,0,1.0,0.0
0.2,100,5e-05,0.05,0.00021319005605327846,5,300,2999700,300,0,1.0,0.0
0.2,100,5e-05,0.05,0.00021319005605327846,6,300,2999700,300,1,1.0,0.0033222591362126247
0.2,100,5e-05,0.05,0.00021319005605327846,7,300,2999700,300,0,1.0,0.0
0.2,100,5e-05,0.05,0.00021319005605327846,8,300,2999700,300,0,1.0,0.0
0.2,100,5e-05,0.05,0.00021319005605327846,9,300,2999700,300,0,1.0,0.0
0.2,100,0.0001,0.1,0.0004247940677551889,0,300,2999700,300,0,1.0,0.0
0.2,100,0.0001,0.1,0.0004247940677551889,1,300,2999700,300,1,1.0,0.0033222591362126247
0.2,100,0.0001,0.1,0.0004247940677551889,2,300,2999700,300,0,1.0,0.0
0.2,100,0.0001,0.1,0.0004247940677551889,3,300,2999700,299,0,0.9966666666666667,0.0
0.2,100,0.0001,0.1,0.0004247940677551889,4,300,2999700,300,0,1.0,0.0
0.2,100,0.0001,0.1,0.0004247940677551889,5,300,2999700,300,0,1.0,0.0
0.2,100,0.0001,0.1,0.0004247940677551889,6,300,2999700,300,0,1.0,0.0
0.2,100,0.0001,0.1,0.0004247940677551889,7,300,2999700,300,1,1.0,0.0033222591362126247
0.2,100,0.0001,0.1,0.0004247940677551889,8,300,2999700,300,0,1.0,0.0
0.2,100,0.0001,0.1,0.0004247940677551889,9,300,2999700,300,0,1.0,0.0
0.2,100,0.0002,0.2,0.0008487932610477066,0,300,2999700,300,3,1.0,0.009900990099009901
0.2,100,0.0002,0.2,0.0008487932610477066,1,300,2999700,300,0,1.0,0.0
0.2,100,0.0002,0.2,0.0008487932610477066,2,300,2999700,300,1,1.0,0.0033222591362126247
0.2,100,0.0002,0.2,0.0008487932610477066,3,300,2999700,300,3,1.0,0.009900990099009901
0.2,100,0.0002,0.2,0.0008487932610477066,4,300,2999700,300,2,1.0,0.006622516556291391
0.2,100,0.0002,0.2,0.0008487932610477066,5,300,2999700,300,2,1.0,0.006622516556291391
0.2,100,0.0002,0.2,0.0008487932610477066,6,300,2999700,300,2,1.0,0.006622516556291391
0.2,100,0.0002,0.2,0.0008487932610477066,7,300,2999700,300,0,1.0,0.0
0.2,100,0.0002,0.2,0.0008487932610477066,8,300,2999700,300,3,1.0,0.009900990099009901
0.2,100,0.0002,0.2,0.0008487932610477066,9,300,2999700,300,3,1.0,0.009900990099009901
0.2,100,0.0004,0.4,0.0016971888521905864,0,300,2999700,300,9,1.0,0.02912621359223301
0.2,100,0.0004,0.4,0.0016971888521905864,1,300,2999700,300,8,1.0,0.025974025974025976
0.2,100,0.0004,0.4,0.0016971888521905864,2,300,2999700,300,4,1.0,0.013157894736842105
0.2,100,0.0004,0.4,0.0016971888521905864,3,300,2999700,300,6,1.0,0.0196078431372549
0.2,100,0.0004,0.4,0.0016971888521905864,4,300,2999700,300,7,1.0,0.02280130293159609
0.2,100,0.0004,0.4,0.0016971888521905864,5,300,2999700,300,11,1.0,0.03536977491961415
0.2,100,0.0004,0.4,0.0016971888521905864,6,300,2999700,300,4,1.0,0.013157894736842105
0.2,100,0.0004,0.4,0.0016971888521905864,7,300,2999700,300,7,1.0,0.02280130293159609
0.2,100,0.0004,0.4,0.0016971888521905864,8,300,2999700,300,4,1.0,0.013157894736842105
0.2,100,0.0004,0.4,0.0016971888521905864,9,300,2999700,300,6,1.0,0.0196078431372549
0.2,100,0.0006,0.6,0.002545672799084753,0,300,2999700,300,11,1.0,0.03536977491961415
0.2,100,0.0006,0.6,0.002545672799084753,1,300,2999700,300,19,1.0,0.05956112852664577
0.2,100,0.0006,0.6,0.002545672799084753,2,300,2999700,300,11,1.0,0.03536977491961415
0.2,100,0.0006,0.6,0.002545672799084753,3,300,2999700,300,17,1.0,0.05362776025236593
0.2,100,0.0006,0.6,0.002545672799084753,4,300,2999700,300,25,1.0,0.07692307692307693
0.2,100,0.0006,0.6,0.002545672799084753,5,300,2999700,300,12,1.0,0.038461538461538464
0.2,100,0.0006,0.6,0.002545672799084753,6,300,2999700,300,14,1.0,0.044585987261146494
0.2,100,0.0006,0.6,0.002545672799084753,7,300,2999700,300,22,1.0,0.06832298136645963
0.2,100,0.0006,0.6,0.002545672799084753,8,300,2999700,300,14,1.0,0.044585987261146494
0.2,100,0.0006,0.6,0.002545672799084753,9,300,2999700,300,11,1.0,0.03536977491961415
0.2,100,0.0008,0.8,0.0033941788403088016,0,300,2999700,300,28,1.0,0.08536585365853659
0.2,100,0.0008,0.8,0.0033941788403088016,1,300,2999700,300,31,1.0,0.09365558912386707
0.2,100,0.0008,0.8,0.0033941788403088016,2,300,2999700,300,31,1.0,0.09365558912386707
0.2,100,0.0008,0.8,0.0033941788403088016,3,300,2999700,300,35,1.0,0.1044776119402985
0.2,100,0.0008,0.8,0.0033941788403088016,4,300,2999700,300,25,1.0,0.07692307692307693
0.2,100,0.0008,0.8,0.0033941788403088016,5,300,2999700,300,40,1.0,0.11764705882352941
0.2,100,0.0008,0.8,0.0033941788403088016,6,300,2999700,300,34,1.0,0.10179640718562874
0.2,100,0.0008,0.8,0.0033941788403088016,7,300,2999700,300,40,1.0,0.11764705882352941
0.2,100,0.0008,0.8,0.0033941788403088016,8,300,2999700,300,21,1.0,0.06542056074766354
0.2,100,0.0008,0.8,0.0033941788403088016,9,300,2999700,300,25,1.0,0.07692307692307693
0.2,100,0.001,1.0,0.004242693719796422,0,300,2999700,300,38,1.0,0.11242603550295859
0.2,100,0.001,1.0,0.004242693719796422,1,300,2999700,300,37,1.0,0.10979228486646884
0.2,100,0.001,1.0,0.004242693719796422,2,300,2999700,300,39,1.0,0.11504424778761062
0.2,100,0.001,1.0,0.004242693719796422,3,300,2999700,300,35,1.0,0.1044776119402985
0.2,100,0.001,1.0,0.004242693719796422,4,300,2999700,300,40,1.0,0.11764705882352941
0.2,100,0.001,1.0,0.004242693719796422,5,300,2999700,300,55,1.0,0.15492957746478872
0.2,100,0.001,1.0,0.004242693719796422,6,300,2999700,300,58,1.0,0.16201117318435754
0.2,100,0.001,1.0,0.004242693719796422,7,300,2999700,300,36,1.0,0.10714285714285714
0.2,100,0.001,1.0,0.004242693719796422,8,300,2999700,300,42,1.0,0.12280701754385964
0.2,100,0.001,1.0,0.004242693719796422,9,300,2999700,300,67,1.0,0.18256130790190736
