noise,T,n_seg,beta,alpha,epsilon,A0_nnz,Bfork_nnz,Ball_nnz,A_nnz,lam_min,lam_max,width,s_prime_g3,gamma_pd,gamma_win,gamma_star,ok_at_g3,f_lo_g3,f_hi_g3,f_lo_star,f_hi_star,contrast_g3,contrast_star,t_wall
moderate,50,9900,0.0,0.0,0.0031777035588293387,10198,0,0,10198,2.3819660112501047,5.618033988749897,3.236067977499792,4.0,0.6180339887498953,0.6180339887498967,0.6180339887498967,True,0.5934998670343254,0.5934998670343258,0.5934998670343254,0.5934998670343258,-3.3306690738754696e-16,-3.3306690738754696e-16,0.009418725967407227
moderate,50,9900,0.5,0.0,0.0031777035588293387,10198,0,0,10198,2.381966011250104,5.618033988749897,3.2360679774997925,4.0,0.6180339887498958,0.6180339887498967,0.6180339887498967,True,0.5934998670343256,0.5934998670343258,0.5934998670343256,0.5934998670343258,-2.220446049250313e-16,-2.220446049250313e-16,0.04961514472961426
moderate,50,9900,1.0,0.0,0.0031777035588293387,10198,0,0,10198,2.3819660112501038,5.618033988749896,3.236067977499792,4.0,0.6180339887498962,0.6180339887498958,0.6180339887498962,True,0.5934998670343258,0.5934998670343254,0.5934998670343258,0.5934998670343254,3.3306690738754696e-16,3.3306690738754696e-16,0.04931330680847168
moderate,50,9900,2.0,0.0,0.0031777035588293387,10198,0,0,10198,2.381966011250105,5.618033988749894,3.236067977499789,4.0,0.6180339887498949,0.618033988749894,0.6180339887498949,True,0.5934998670343252,0.5934998670343251,0.5934998670343252,0.5934998670343251,1.1102230246251565e-16,1.1102230246251565e-16,0.049506187438964844
moderate,50,9900,4.0,0.0,0.0031777035588293387,10198,0,0,10198,2.3819660112501047,5.618033988749895,3.2360679774997902,4.0,0.6180339887498953,0.6180339887498949,0.6180339887498953,True,0.5934998670343254,0.5934998670343251,0.5934998670343254,0.5934998670343251,3.3306690738754696e-16,3.3306690738754696e-16,0.04949450492858887
moderate,50,9900,0.0,0.03,0.0031777035588293387,10198,0,965300,975498,2.4081788520545717,10.035237843803202,7.62705899174863,4.12,0.5918211479454283,4.795237843803202,4.795237843803202,False,0.6072947433140499,0.7747639827368573,0.43908098836614545,1.0,-0.16746923942280745,-0.5609190116338545,0.3573417663574219
moderate,50,9900,0.0,0.1,0.0031777035588293387,10198,0,965300,975498,2.412898407301229,24.02409384750374,21.61119544020251,4.4,0.587101592698771,18.224093847503738,18.224093847503738,False,0.6513737879387581,0.661336996284077,0.15838629443139288,1.0,-0.009963208345318941,-0.8416137055686072,0.3163738250732422
moderate,50,9900,0.0,0.3,0.0031777035588293387,10198,0,965300,975498,2.4145770517561083,64.021332214508,61.606755162751895,5.2,0.5854229482438917,56.62133221450801,56.62133221450801,False,0.7455835194182546,0.8824430073133841,0.07431485107656227,1.0,-0.13685948789512947,-0.9256851489234377,0.3923327922821045
moderate,50,9900,0.0,1.0,0.0031777035588293387,10198,0,965300,975498,2.4152086889587845,204.02039646635157,201.60518777739279,8.0,0.5847913110412155,191.02039646635157,191.02039646635157,False,0.8896468383301106,0.7099329503422046,0.0447384137240512,1.0,0.179713887987906,-0.9552615862759488,0.3913543224334717
moderate,50,9900,1.0,0.3,0.0031777035588293387,10198,0,965300,975498,2.4145770517561282,64.02133221450802,61.606755162751895,5.2,0.5854229482438718,56.62133221450802,56.62133221450802,False,0.7455835194182506,0.8824430073133808,0.07431485107656183,1.0,-0.13685948789513014,-0.9256851489234381,0.39142727851867676
moderate,100,39800,0.0,0.0,0.0031777035588293387,40440,0,0,40440,2.3819660112501047,5.618033988749897,3.236067977499792,4.0,0.6180339887498953,0.6180339887498967,0.6180339887498967,True,0.5934998670343254,0.5934998670343258,0.5934998670343254,0.5934998670343258,-3.3306690738754696e-16,-3.3306690738754696e-16,0.037812232971191406
moderate,100,39800,0.5,0.0,0.0031777035588293387,40440,0,0,40440,2.3819660112501047,5.618033988749895,3.2360679774997902,4.0,0.6180339887498953,0.6180339887498949,0.6180339887498953,True,0.5934998670343254,0.5934998670343251,0.5934998670343254,0.5934998670343251,3.3306690738754696e-16,3.3306690738754696e-16,0.16249847412109375
moderate,100,39800,1.0,0.0,0.0031777035588293387,40440,0,0,40440,2.381966011250104,5.618033988749897,3.2360679774997925,4.0,0.6180339887498958,0.6180339887498967,0.6180339887498967,True,0.5934998670343256,0.5934998670343258,0.5934998670343256,0.5934998670343258,-2.220446049250313e-16,-2.220446049250313e-16,0.1753079891204834
moderate,100,39800,2.0,0.0,0.0031777035588293387,40440,0,0,40440,2.3819660112501047,5.618033988749896,3.236067977499791,4.0,0.6180339887498953,0.6180339887498958,0.6180339887498958,True,0.5934998670343254,0.5934998670343254,0.5934998670343254,0.5934998670343254,0.0,0.0,0.16462993621826172
moderate,100,39800,4.0,0.0,0.0031777035588293387,40440,0,0,40440,2.381966011250104,5.618033988749895,3.2360679774997907,4.0,0.6180339887498958,0.6180339887498949,0.6180339887498958,True,0.5934998670343256,0.5934998670343251,0.5934998670343256,0.5934998670343251,4.440892098500626e-16,4.440892098500626e-16,0.16552495956420898
moderate,100,39800,0.0,0.03,0.0031777035588293387,40440,0,7860600,7901040,2.3963322838809513,16.012801559802483,13.616469275921531,4.12,0.6036677161190487,10.772801559802483,10.772801559802483,False,0.6108768994541747,0.9841777041065932,0.22569980930267688,1.0,-0.37330080465241855,-0.7743001906973231,2.9104983806610107
moderate,100,39800,0.0,0.1,0.0031777035588293387,40440,0,7860600,7901040,2.397641678169015,44.010978597161994,41.61333691899298,4.4,0.6023583218309851,38.210978597162,38.210978597162,False,0.6554967816476152,0.9999923193575359,0.07932126427572851,1.0,-0.3444955377099207,-0.9206787357242715,3.1597986221313477
moderate,100,39800,0.0,0.3,0.0031777035588293387,40440,0,7860600,7901040,2.398060879087698,124.0105211834166,121.6124603043289,5.2,0.6019391209123022,116.6105211834166,116.6105211834166,False,0.748899051994702,0.9716975053043394,0.03703602225761449,1.0,-0.22279845330963743,-0.9629639777423855,3.4826276302337646
moderate,100,39800,0.0,1.0,0.0031777035588293387,40440,0,7860600,7901040,2.3982129620504544,404.0103658859073,401.6121529238568,8.0,0.6017870379495456,391.0103658859073,391.0103658859073,False,0.8911657673741257,0.705666117000568,0.022217959977023305,1.0,0.18549965037355765,-0.9777820400229766,3.890120267868042
moderate,100,39800,1.0,0.3,0.0031777035588293387,40440,0,7860600,7901040,2.3980608790876463,124.01052118341659,121.61246030432893,5.2,0.6019391209123537,116.61052118341658,116.61052118341658,False,0.7488990519947123,0.9716975053043394,0.03703602225761493,1.0,-0.2227984533096271,-0.9629639777423851,3.935140609741211
moderate,200,157012,0.0,0.0,0.0031777035588293387,158542,0,0,158542,1.9999999999999996,6.0,4.0,4.0,1.0000000000000004,1.0,1.0000000000000004,True,0.7071067811865477,0.7071067811865475,0.7071067811865477,0.7071067811865475,2.220446049250313e-16,2.220446049250313e-16,0.21570825576782227
moderate,200,157012,0.5,0.0,0.0031777035588293387,158542,4096,0,162638,2.0663217121777726,6.421836884983887,4.355515172806115,4.0,0.9336782878222274,1.421836884983887,1.421836884983887,True,0.6884528309917178,0.8140276361471971,0.6884528309917178,0.8140276361471971,-0.12557480515547925,-0.12557480515547925,1.0184381008148193
moderate,200,157012,1.0,0.0,0.0031777035588293387,158542,4096,0,162638,1.9999999999999996,7.02663839463813,5.02663839463813,4.0,1.0000000000000004,2.0266383946381303,2.0266383946381303,True,0.7071067811865477,0.9278321127823115,0.7071067811865477,0.9278321127823115,-0.2207253315957638,-0.2207253315957638,0.9906084537506104
moderate,200,157012,2.0,0.0,0.0031777035588293387,158542,4096,0,162638,-2.6201338992737655e-15,8.614265676707152,8.614265676707154,4.0,3.0000000000000027,3.614265676707152,3.614265676707152,False,1.0,0.9710468804735335,0.9782161838443798,1.0,0.02895311952646651,-0.021783816155620195,2.122232675552368
moderate,200,157012,4.0,0.0,0.0031777035588293387,158542,4096,0,162638,-4.000000000000001,12.326085084613212,16.32608508461321,4.0,7.000000000000001,7.3260850846132115,7.3260850846132115,False,3.8285686989269494e-16,0.1277036378415285,0.9981082969496524,1.0,-0.1277036378415281,-0.0018917030503475818,0.865497350692749
moderate,200,157012,0.0,0.03,0.0031777035588293387,158542,0,61902130,62060672,2.017255404374397,27.82166179875941,25.804406394385015,4.12,0.9827445956256029,22.581661798759413,22.581661798759413,False,0.7185359924013792,0.37857191764313164,0.13890600107141535,1.0,0.3399640747582476,-0.8610939989285846,36.83968472480774
moderate,200,157012,0.0,0.1,0.0031777035588293387,158542,0,61902130,62060672,2.0191689460469155,83.40049620221652,81.3813272561696,4.4,0.9808310539530845,77.60049620221652,77.60049620221652,False,0.7512505062732336,0.07116248964583735,0.04732127277265892,1.0,0.6800880166273963,-0.952678727227341,41.50592494010925
moderate,200,157012,0.0,0.3,0.0031777035588293387,158542,0,61902130,62060672,2.0197953803336977,242.20016533164596,240.18036995131226,5.2,0.9802046196663023,234.80016533164596,234.80016533164596,False,0.8195723079831788,0.616679557745265,0.02107628846214663,1.0,0.20289275023791387,-0.9789237115378534,44.99135684967041
moderate,200,157012,0.0,1.0,0.0031777035588293387,158542,0,61902130,62060672,2.0200243181692836,798.000049597134,795.9800252789647,8.0,0.9799756818307164,785.000049597134,785.000049597134,False,0.9223677737861923,0.9238832591820535,0.01189000241901754,1.0,-0.0015154853958612158,-0.9881099975809825,52.890161991119385
moderate,200,157012,1.0,0.3,0.0031777035588293387,158542,4096,61902130,62060672,2.000000000000004,242.21575397190108,240.21575397190108,5.2,0.999999999999996,234.81575397190107,234.81575397190107,False,0.8229838658936558,0.612965775678154,0.021206064896813346,1.0,0.21001809021550177,-0.9787939351031867,48.94058585166931
heavy,50,9950,0.0,0.0,0.006312668537322595,10278,0,0,10278,2.1522409349774243,5.847759065022574,3.6955181300451496,4.0,0.8477590650225757,0.8477590650225739,0.8477590650225757,True,0.6635943636641825,0.6635943636641818,0.6635943636641825,0.6635943636641818,6.661338147750939e-16,6.661338147750939e-16,0.06139707565307617
heavy,50,9950,0.5,0.0,0.006312668537322595,10278,24,0,10302,2.1522409349774256,5.847759065022572,3.6955181300451465,4.0,0.8477590650225744,0.8477590650225721,0.8477590650225744,True,0.6635943636641821,0.6635943636641815,0.6635943636641821,0.6635943636641815,6.661338147750939e-16,6.661338147750939e-16,0.049727439880371094
heavy,50,9950,1.0,0.0,0.006312668537322595,10278,24,0,10302,2.152240934977427,5.847759065022573,3.695518130045146,4.0,0.847759065022573,0.847759065022573,0.847759065022573,True,0.6635943636641818,0.6635943636641815,0.6635943636641818,0.6635943636641815,3.3306690738754696e-16,3.3306690738754696e-16,0.049756765365600586
heavy,50,9950,2.0,0.0,0.006312668537322595,10278,24,0,10302,2.000000000000001,6.000000000000003,4.000000000000002,4.0,0.9999999999999991,1.0000000000000027,1.0000000000000027,True,0.7071067811865474,0.7071067811865481,0.7071067811865474,0.7071067811865481,-7.771561172376096e-16,-7.771561172376096e-16,0.04970145225524902
heavy,50,9950,4.0,0.0,0.006312668537322595,10278,24,0,10302,2.1522409349774265,8.000000000000002,5.847759065022576,4.0,0.8477590650225735,3.0000000000000018,3.0000000000000018,False,0.6635943636641818,1.0,0.6635943636641816,1.0,-0.3364056363358182,-0.33640563633581844,0.04980754852294922
heavy,50,9950,0.0,0.03,0.006312668537322595,10278,0,972650,982928,2.1985672237472262,10.043252202058959,7.844684978311733,4.12,0.8014327762527738,4.8032522020589585,4.8032522020589585,False,0.6687809312948266,0.7728284867859896,0.48778245624843636,1.0,-0.10404755549116296,-0.5122175437515637,0.48526644706726074
heavy,50,9950,0.0,0.1,0.006312668537322595,10278,0,972650,982928,2.2152284646480345,24.033220472701007,21.817992008052972,4.4,0.7847715353519655,18.233220472701007,18.233220472701007,False,0.7032521297195213,0.6637774195136983,0.1739083881865356,1.0,0.03947471020582305,-0.8260916118134645,0.5639986991882324
heavy,50,9950,0.0,0.3,0.006312668537322595,10278,0,972650,982928,2.2223524445776164,64.03100789382438,61.808655449246764,5.2,0.7776475554223836,56.63100789382438,56.63100789382438,False,0.7830013945771814,0.8810643019283009,0.07941988742202227,1.0,-0.09806290735111944,-0.9205801125779778,0.5959012508392334
heavy,50,9950,0.0,1.0,0.006312668537322595,10278,0,972650,982928,2.2252263639493095,204.03028740402553,201.80506104007623,8.0,0.7747736360506905,191.03028740402553,191.03028740402553,False,0.9060583429929139,0.7112993586831949,0.04625691520259118,1.0,0.19475898430971894,-0.9537430847974088,0.5940382480621338
heavy,50,9950,1.0,0.3,0.006312668537322595,10278,24,972650,982928,2.2222917117274146,64.03121915765618,61.80892744592877,5.2,0.7777082882725854,56.63121915765618,56.63121915765618,False,0.7830128059920448,0.8810341145475776,0.0794212192728719,1.0,-0.09802130855553282,-0.9205787807271281,0.6781814098358154
heavy,100,39006,0.0,0.0,0.006312668537322595,39810,0,0,39810,1.9256867069480583,6.074313293051944,4.148626586103886,4.0,1.0743132930519417,1.0743132930519437,1.0743132930519437,True,0.7274381046391979,0.7274381046391986,0.7274381046391979,0.7274381046391986,-6.661338147750939e-16,-6.661338147750939e-16,0.14058351516723633
heavy,100,39006,0.5,0.0,0.006312668537322595,39810,1892,0,41702,2.015592801826761,6.421836884983915,4.406244083157155,4.0,0.9844071981732392,1.4218368849839154,1.4218368849839154,True,0.702763739887083,0.8140276361472039,0.702763739887083,0.8140276361472039,-0.1112638962601209,-0.1112638962601209,0.22261667251586914
heavy,100,39006,1.0,0.0,0.006312668537322595,39810,1892,0,41702,1.5857864376269064,7.026638394638133,5.440851957011226,4.0,1.4142135623730936,2.026638394638133,2.026638394638133,True,0.8122851882240898,0.9278321127823118,0.8122851882240898,0.9278321127823118,-0.11554692455822202,-0.11554692455822202,0.1862037181854248
heavy,100,39006,2.0,0.0,0.006312668537322595,39810,1892,0,41702,-0.8284271247461906,8.828427124746185,9.656854249492374,4.0,3.8284271247461907,3.8284271247461845,3.8284271247461907,False,0.9475476773143082,0.947547677314309,1.0,1.0,-7.771561172376096e-16,0.0,0.18628621101379395
heavy,100,39006,4.0,0.0,0.006312668537322595,39810,1892,0,41702,-5.656854249492383,13.656854249492204,19.31370849898459,4.0,8.656854249492383,8.656854249492204,8.656854249492383,False,0.6056998670788144,0.6056998670787581,1.0,1.0,5.6288307348495437e-14,0.0,0.17084431648254395
heavy,100,39006,0.0,0.03,0.006312668537322595,39810,0,7626166,7665976,1.966440761497,15.943973514136749,13.97753275263975,4.12,1.033559238503,10.703973514136749,10.703973514136749,False,0.7318744848905133,0.9791898239493245,0.2822099975507339,1.0,-0.2473153390588112,-0.717790002449266,3.9872524738311768
heavy,100,39006,0.0,0.1,0.006312668537322595,39810,0,7626166,7665976,1.9752319906947404,43.80116460200549,41.825932611310755,4.4,1.0247680093052596,38.001164602005495,38.001164602005495,False,0.7615103379194874,0.9974816885180855,0.09651713333427822,1.0,-0.23597135059859808,-0.9034828666657218,3.971407890319824
heavy,100,39006,0.0,0.3,0.006312668537322595,39810,0,7626166,7665976,1.97846883205919,123.40038742922285,121.42191859716365,5.2,1.02153116794081,116.00038742922284,116.00038742922284,False,0.8266611563271921,0.9119478716519541,0.0427987061774423,1.0,-0.08528671532476206,-0.9572012938225577,4.923773527145386
heavy,100,39006,0.0,1.0,0.006312668537322595,39810,0,7626166,7665976,1.9797014454502688,402.00011620254185,400.0204147570916,8.0,1.0202985545497312,389.00011620254185,389.00011620254185,False,0.925397418151517,0.92387080084479,0.02399937087989849,1.0,0.001526617306726985,-0.9760006291201015,5.506561756134033
heavy,100,39006,1.0,0.3,0.006312668537322595,39810,1892,7626166,7665976,1.5869943972551734,123.51499255414099,121.92799815688582,5.2,1.4130056027448266,116.11499255414098,116.11499255414098,False,0.8872749378093054,0.9256031845246939,0.04794928924381536,1.0,-0.03832824671538848,-0.9520507107561846,3.839545488357544
heavy,200,157609,0.0,0.0,0.006312668537322595,160381,0,0,160381,0.6327818341300527,7.367218165869949,6.7344363317398965,4.0,2.3672181658699474,2.367218165869949,2.367218165869949,True,0.969284197189867,0.9692841971898671,0.969284197189867,0.9692841971898671,-1.1102230246251565e-16,-1.1102230246251565e-16,0.2914621829986572
heavy,200,157609,0.5,0.0,0.006312668537322595,160381,18362,0,178743,1.4705355689777908,8.330583109017095,6.860047540039304,4.0,1.5294644310222092,3.3305831090170948,3.3305831090170948,False,0.8378421223851275,0.9915852527909124,0.7940794528864759,1.0,-0.1537431304057849,-0.20592054711352414,0.9792039394378662
heavy,200,157609,1.0,0.0,0.006312668537322595,160381,18362,0,178743,1.5857864376269075,9.312198397571525,7.726411959944617,4.0,1.4142135623730925,4.312198397571525,4.312198397571525,False,0.8122851882240895,0.8701453633732368,0.6547664072893915,1.0,-0.05786017514914732,-0.3452335927106085,1.108083724975586
heavy,200,157609,2.0,0.0,0.006312668537322595,160381,18362,0,178743,-0.8284271247461886,11.292228894890703,12.120656019636892,4.0,3.8284271247461885,6.2922288948907035,6.2922288948907035,False,0.9475476773143084,0.2743763116231667,0.8624429287435669,1.0,0.6731713656911418,-0.13755707125643313,0.9644660949707031
heavy,200,157609,4.0,0.0,0.006312668537322595,160381,18362,0,178743,-5.656854249492366,15.999999999999975,21.65685424949234,4.0,8.656854249492365,10.999999999999975,10.999999999999975,False,0.6056998670788092,1.0,0.9533299248569302,1.0,-0.3943001329211908,-0.046670075143069756,0.8827013969421387
heavy,200,157609,0.0,0.03,0.006312668537322595,160381,0,62255952,62416333,0.686229652135095,27.881595685960605,27.19536603382551,4.12,2.3137703478649048,22.641595685960606,22.641595685960606,False,0.9659689364575313,0.3573251769352666,0.22505023895876802,1.0,0.6086437595222647,-0.7749497610412319,25.95871901512146
heavy,200,157609,0.0,0.1,0.006312668537322595,160381,0,62255952,62416333,0.695772544360707,83.60047358543426,82.90470104107355,4.4,2.304227455639293,77.80047358543426,77.80047358543426,False,0.9693094326851347,0.00016906960386526383,0.07340049730688145,1.0,0.9691403630812694,-0.9265995026931185,26.649775505065918
heavy,200,157609,0.0,0.3,0.006312668537322595,160381,0,62255952,62416333,0.699146635128097,242.80015772237323,242.10101108724513,5.2,2.300853364871903,235.40015772237322,235.40015772237322,False,0.9777809872937581,0.46468098469201513,0.029751161658275557,1.0,0.5131000026017429,-0.9702488383417245,26.37645673751831
heavy,200,157609,0.0,1.0,0.006312668537322595,160381,0,62255952,62416333,0.7004129314162328,800.0000473119853,799.299634380569,8.0,2.299587068583767,787.0000473119853,787.0000473119853,False,0.9905582283785683,0.9999999999568508,0.014476973898109641,1.0,-0.00944177157828252,-0.9855230261018904,28.622981786727905
heavy,200,157609,1.0,0.3,0.006312668537322595,160381,18362,62255952,62416333,1.5857864376269084,242.86912642704314,241.28333998941622,5.2,1.4142135623730916,235.46912642704314,235.46912642704314,False,0.8874431836438971,0.44613359627992505,0.0238846904519038,1.0,0.441309587363972,-0.9761153095480962,100.57395243644714
