shots,n_trk,rep,who,drop_rate,n_true_all,n_true_clean,n_false_all,n_active,n_true_active,n_false_active,eff_pct,fr_pct,cos,jaccard,t_classical,t_quantum,success_prob,n_seg
8192,2,0,C,0.0,8,8,8,8,8,0,100.0,0.0,0.829891244894315,0.75,0.0013523101806640625,0.3250753879547119,0.138671875,16
8192,2,0,Q,0.0,8,8,8,6,6,0,75.0,0.0,0.829891244894315,0.75,0.0013523101806640625,0.3250753879547119,0.138671875,16
8192,2,1,C,0.0,8,8,8,8,8,0,100.0,0.0,0.8280851746425698,0.75,0.001257181167602539,0.2978696823120117,0.1456298828125,16
8192,2,1,Q,0.0,8,8,8,6,6,0,75.0,0.0,0.8280851746425698,0.75,0.001257181167602539,0.2978696823120117,0.1456298828125,16
8192,2,2,C,0.0,8,8,8,8,8,0,100.0,0.0,0.8274166391511946,0.75,0.00036525726318359375,0.22799468040466309,0.1448974609375,16
8192,2,2,Q,0.0,8,8,8,6,6,0,75.0,0.0,0.8274166391511946,0.75,0.00036525726318359375,0.22799468040466309,0.1448974609375,16
8192,2,3,C,0.0,8,8,8,8,8,0,100.0,0.0,0.8239694472724693,0.75,0.0005221366882324219,0.26930785179138184,0.1424560546875,16
8192,2,3,Q,0.0,8,8,8,6,6,0,75.0,0.0,0.8239694472724693,0.75,0.0005221366882324219,0.26930785179138184,0.1424560546875,16
8192,2,4,C,0.0,8,8,8,8,8,0,100.0,0.0,0.8313492573100433,0.75,0.0003848075866699219,0.23428130149841309,0.141845703125,16
8192,2,4,Q,0.0,8,8,8,6,6,0,75.0,0.0,0.8313492573100433,0.75,0.0003848075866699219,0.23428130149841309,0.141845703125,16
8192,2,5,C,0.0,8,8,8,8,8,0,100.0,0.0,0.8253736415864726,0.75,0.0003592967987060547,0.21714520454406738,0.143310546875,16
8192,2,5,Q,0.0,8,8,8,6,6,0,75.0,0.0,0.8253736415864726,0.75,0.0003592967987060547,0.21714520454406738,0.143310546875,16
8192,2,6,C,0.0,8,8,8,8,8,0,100.0,0.0,0.8291162085410355,0.75,0.0006535053253173828,0.2764444351196289,0.1453857421875,16
8192,2,6,Q,0.0,8,8,8,6,6,0,75.0,0.0,0.8291162085410355,0.75,0.0006535053253173828,0.2764444351196289,0.1453857421875,16
8192,2,7,C,0.0,8,8,8,8,8,0,100.0,0.0,0.8271487207268476,0.75,0.00039315223693847656,0.21117115020751953,0.1361083984375,16
8192,2,7,Q,0.0,8,8,8,6,6,0,75.0,0.0,0.8271487207268476,0.75,0.00039315223693847656,0.21117115020751953,0.1361083984375,16
8192,2,8,C,0.0,8,8,8,8,8,0,100.0,0.0,0.8248498586171747,0.75,0.0003237724304199219,0.25464940071105957,0.1419677734375,16
8192,2,8,Q,0.0,8,8,8,6,6,0,75.0,0.0,0.8248498586171747,0.75,0.0003237724304199219,0.25464940071105957,0.1419677734375,16
8192,2,9,C,0.0,8,8,8,8,8,0,100.0,0.0,0.8217783534746519,0.75,0.0005218982696533203,0.27277708053588867,0.15185546875,16
8192,2,9,Q,0.0,8,8,8,6,6,0,75.0,0.0,0.8217783534746519,0.75,0.0005218982696533203,0.27277708053588867,0.15185546875,16
8192,2,10,C,0.0,8,8,8,8,8,0,100.0,0.0,0.826955011518972,0.75,0.0004019737243652344,0.24943327903747559,0.147705078125,16
8192,2,10,Q,0.0,8,8,8,6,6,0,75.0,0.0,0.826955011518972,0.75,0.0004019737243652344,0.24943327903747559,0.147705078125,16
8192,2,11,C,0.0,8,8,8,8,8,0,100.0,0.0,0.8259076320257608,0.75,0.0006330013275146484,0.6614983081817627,0.1448974609375,16
8192,2,11,Q,0.0,8,8,8,6,6,0,75.0,0.0,0.8259076320257608,0.75,0.0006330013275146484,0.6614983081817627,0.1448974609375,16
8192,2,12,C,0.0,8,8,8,8,8,0,100.0,0.0,0.8252868278835056,0.75,0.00037550926208496094,0.5743069648742676,0.1409912109375,16
8192,2,12,Q,0.0,8,8,8,6,6,0,75.0,0.0,0.8252868278835056,0.75,0.00037550926208496094,0.5743069648742676,0.1409912109375,16
8192,2,13,C,0.0,8,8,8,8,8,0,100.0,0.0,0.8290103647910199,0.75,0.000476837158203125,0.5073888301849365,0.1419677734375,16
8192,2,13,Q,0.0,8,8,8,6,6,0,75.0,0.0,0.8290103647910199,0.75,0.000476837158203125,0.5073888301849365,0.1419677734375,16
8192,2,14,C,0.0,8,8,8,8,8,0,100.0,0.0,0.8234137873808798,0.75,0.0005943775177001953,0.5667052268981934,0.146240234375,16
8192,2,14,Q,0.0,8,8,8,6,6,0,75.0,0.0,0.8234137873808798,0.75,0.0005943775177001953,0.5667052268981934,0.146240234375,16
8192,2,15,C,0.0,8,8,8,8,8,0,100.0,0.0,0.8262146620727951,0.75,0.0004105567932128906,0.7851219177246094,0.1400146484375,16
8192,2,15,Q,0.0,8,8,8,6,6,0,75.0,0.0,0.8262146620727951,0.75,0.0004105567932128906,0.7851219177246094,0.1400146484375,16
8192,2,16,C,0.0,8,8,8,8,8,0,100.0,0.0,0.8255967997647379,0.75,0.0006761550903320312,0.7832825183868408,0.1431884765625,16
8192,2,16,Q,0.0,8,8,8,6,6,0,75.0,0.0,0.8255967997647379,0.75,0.0006761550903320312,0.7832825183868408,0.1431884765625,16
8192,2,17,C,0.0,8,8,8,8,8,0,100.0,0.0,0.8246815012920639,0.75,0.0003426074981689453,0.7911636829376221,0.1417236328125,16
8192,2,17,Q,0.0,8,8,8,6,6,0,75.0,0.0,0.8246815012920639,0.75,0.0003426074981689453,0.7911636829376221,0.1417236328125,16
8192,2,18,C,0.0,8,8,8,8,8,0,100.0,0.0,0.8268220890754469,0.75,0.0002834796905517578,0.44585728645324707,0.142822265625,16
8192,2,18,Q,0.0,8,8,8,6,6,0,75.0,0.0,0.8268220890754469,0.75,0.0002834796905517578,0.44585728645324707,0.142822265625,16
8192,2,19,C,0.0,8,8,8,8,8,0,100.0,0.0,0.827113806435026,0.75,0.0005724430084228516,0.5544323921203613,0.1446533203125,16
8192,2,19,Q,0.0,8,8,8,6,6,0,75.0,0.0,0.827113806435026,0.75,0.0005724430084228516,0.5544323921203613,0.1446533203125,16
8192,2,20,C,0.0,8,8,8,8,8,0,100.0,0.0,0.825599176993441,0.75,0.0004894733428955078,0.4730401039123535,0.1444091796875,16
8192,2,20,Q,0.0,8,8,8,6,6,0,75.0,0.0,0.825599176993441,0.75,0.0004894733428955078,0.4730401039123535,0.1444091796875,16
8192,2,21,C,0.0,8,8,8,8,8,0,100.0,0.0,0.8288861106862953,0.75,0.00037384033203125,0.42948198318481445,0.140625,16
8192,2,21,Q,0.0,8,8,8,6,6,0,75.0,0.0,0.8288861106862953,0.75,0.00037384033203125,0.42948198318481445,0.140625,16
8192,2,22,C,0.0,8,8,8,8,8,0,100.0,0.0,0.8296582980771285,0.75,0.0003542900085449219,0.45007777214050293,0.144775390625,16
8192,2,22,Q,0.0,8,8,8,6,6,0,75.0,0.0,0.8296582980771285,0.75,0.0003542900085449219,0.45007777214050293,0.144775390625,16
8192,2,23,C,0.0,8,8,8,8,8,0,100.0,0.0,0.820831595589957,0.75,0.0004303455352783203,0.4708273410797119,0.14599609375,16
8192,2,23,Q,0.0,8,8,8,6,6,0,75.0,0.0,0.820831595589957,0.75,0.0004303455352783203,0.4708273410797119,0.14599609375,16
8192,2,24,C,0.0,8,8,8,8,8,0,100.0,0.0,0.8288613351305656,0.75,0.00032258033752441406,0.4347679615020752,0.14404296875,16
8192,2,24,Q,0.0,8,8,8,6,6,0,75.0,0.0,0.8288613351305656,0.75,0.00032258033752441406,0.4347679615020752,0.14404296875,16
8192,2,25,C,0.0,8,8,8,8,8,0,100.0,0.0,0.825824490603243,0.75,0.0005927085876464844,0.7625138759613037,0.1416015625,16
8192,2,25,Q,0.0,8,8,8,6,6,0,75.0,0.0,0.825824490603243,0.75,0.0005927085876464844,0.7625138759613037,0.1416015625,16
8192,2,26,C,0.0,8,8,8,8,8,0,100.0,0.0,0.8254530600271263,0.75,0.0003380775451660156,0.45023369789123535,0.140380859375,16
8192,2,26,Q,0.0,8,8,8,6,6,0,75.0,0.0,0.8254530600271263,0.75,0.0003380775451660156,0.45023369789123535,0.140380859375,16
8192,2,27,C,0.0,8,8,8,8,8,0,100.0,0.0,0.8293825568602695,0.75,0.00030803680419921875,0.4698793888092041,0.1461181640625,16
8192,2,27,Q,0.0,8,8,8,6,6,0,75.0,0.0,0.8293825568602695,0.75,0.00030803680419921875,0.4698793888092041,0.1461181640625,16
8192,2,28,C,0.0,8,8,8,8,8,0,100.0,0.0,0.824229869284984,0.75,0.0003325939178466797,0.4677751064300537,0.13818359375,16
8192,2,28,Q,0.0,8,8,8,6,6,0,75.0,0.0,0.824229869284984,0.75,0.0003325939178466797,0.4677751064300537,0.13818359375,16
8192,2,29,C,0.0,8,8,8,8,8,0,100.0,0.0,0.8298512927959841,0.75,0.0005159378051757812,0.5318598747253418,0.1453857421875,16
8192,2,29,Q,0.0,8,8,8,6,6,0,75.0,0.0,0.8298512927959841,0.75,0.0005159378051757812,0.5318598747253418,0.1453857421875,16
8192,2,30,C,0.0,8,8,8,8,8,0,100.0,0.0,0.8216497615063725,0.75,0.0003643035888671875,0.5543563365936279,0.1414794921875,16
8192,2,30,Q,0.0,8,8,8,6,6,0,75.0,0.0,0.8216497615063725,0.75,0.0003643035888671875,0.5543563365936279,0.1414794921875,16
8192,2,31,C,0.0,8,8,8,8,8,0,100.0,0.0,0.8220180066361278,0.75,0.00033974647521972656,0.505129337310791,0.1435546875,16
8192,2,31,Q,0.0,8,8,8,6,6,0,75.0,0.0,0.8220180066361278,0.75,0.00033974647521972656,0.505129337310791,0.1435546875,16
8192,2,32,C,0.0,8,8,8,8,8,0,100.0,0.0,0.8206199722406146,0.75,0.0003910064697265625,0.5659899711608887,0.1409912109375,16
8192,2,32,Q,0.0,8,8,8,6,6,0,75.0,0.0,0.8206199722406146,0.75,0.0003910064697265625,0.5659899711608887,0.1409912109375,16
8192,2,33,C,0.0,8,8,8,8,8,0,100.0,0.0,0.8288653617011978,0.75,0.00034689903259277344,0.5220487117767334,0.141357421875,16
8192,2,33,Q,0.0,8,8,8,6,6,0,75.0,0.0,0.8288653617011978,0.75,0.00034689903259277344,0.5220487117767334,0.141357421875,16
8192,2,34,C,0.0,8,8,8,8,8,0,100.0,0.0,0.8304334371507568,0.75,0.00040149688720703125,0.46657872200012207,0.1405029296875,16
8192,2,34,Q,0.0,8,8,8,6,6,0,75.0,0.0,0.8304334371507568,0.75,0.00040149688720703125,0.46657872200012207,0.1405029296875,16
8192,2,35,C,0.0,8,8,8,8,8,0,100.0,0.0,0.8297646261865835,0.75,0.0005509853363037109,0.590247631072998,0.138427734375,16
8192,2,35,Q,0.0,8,8,8,6,6,0,75.0,0.0,0.8297646261865835,0.75,0.0005509853363037109,0.590247631072998,0.138427734375,16
8192,2,36,C,0.0,8,8,8,8,8,0,100.0,0.0,0.8254641656970638,0.75,0.0003218650817871094,0.42513608932495117,0.141845703125,16
8192,2,36,Q,0.0,8,8,8,6,6,0,75.0,0.0,0.8254641656970638,0.75,0.0003218650817871094,0.42513608932495117,0.141845703125,16
8192,2,37,C,0.0,8,8,8,8,8,0,100.0,0.0,0.8263162424260857,0.75,0.0004813671112060547,0.4283120632171631,0.1474609375,16
8192,2,37,Q,0.0,8,8,8,6,6,0,75.0,0.0,0.8263162424260857,0.75,0.0004813671112060547,0.4283120632171631,0.1474609375,16
8192,2,38,C,0.0,8,8,8,8,8,0,100.0,0.0,0.8301592683610339,0.75,0.0003802776336669922,1.1230452060699463,0.1434326171875,16
8192,2,38,Q,0.0,8,8,8,6,6,0,75.0,0.0,0.8301592683610339,0.75,0.0003802776336669922,1.1230452060699463,0.1434326171875,16
8192,2,39,C,0.0,8,8,8,8,8,0,100.0,0.0,0.8228132985914871,0.75,0.0003561973571777344,1.116156816482544,0.14892578125,16
8192,2,39,Q,0.0,8,8,8,6,6,0,75.0,0.0,0.8228132985914871,0.75,0.0003561973571777344,1.116156816482544,0.14892578125,16
8192,2,40,C,0.0,8,8,8,8,8,0,100.0,0.0,0.8232000774218488,0.75,0.000461578369140625,0.5114493370056152,0.143798828125,16
8192,2,40,Q,0.0,8,8,8,6,6,0,75.0,0.0,0.8232000774218488,0.75,0.000461578369140625,0.5114493370056152,0.143798828125,16
8192,2,41,C,0.0,8,8,8,8,8,0,100.0,0.0,0.8251757256264061,0.75,0.000339508056640625,0.42638707160949707,0.1414794921875,16
8192,2,41,Q,0.0,8,8,8,6,6,0,75.0,0.0,0.8251757256264061,0.75,0.000339508056640625,0.42638707160949707,0.1414794921875,16
8192,2,42,C,0.0,8,8,8,8,8,0,100.0,0.0,0.8264259108264437,0.75,0.0002884864807128906,0.41964125633239746,0.146484375,16
8192,2,42,Q,0.0,8,8,8,6,6,0,75.0,0.0,0.8264259108264437,0.75,0.0002884864807128906,0.41964125633239746,0.146484375,16
8192,2,43,C,0.0,8,8,8,8,8,0,100.0,0.0,0.8309078257297493,0.75,0.0003876686096191406,0.4465651512145996,0.1429443359375,16
8192,2,43,Q,0.0,8,8,8,6,6,0,75.0,0.0,0.8309078257297493,0.75,0.0003876686096191406,0.4465651512145996,0.1429443359375,16
8192,2,44,C,0.0,8,8,8,8,8,0,100.0,0.0,0.8242877487666268,0.75,0.00030732154846191406,0.6153807640075684,0.1439208984375,16
8192,2,44,Q,0.0,8,8,8,6,6,0,75.0,0.0,0.8242877487666268,0.75,0.00030732154846191406,0.6153807640075684,0.1439208984375,16
8192,2,45,C,0.0,8,8,8,8,8,0,100.0,0.0,0.8298387142472493,0.75,0.0012326240539550781,0.6463065147399902,0.1412353515625,16
8192,2,45,Q,0.0,8,8,8,6,6,0,75.0,0.0,0.8298387142472493,0.75,0.0012326240539550781,0.6463065147399902,0.1412353515625,16
8192,2,46,C,0.0,8,8,8,8,8,0,100.0,0.0,0.822286844096415,0.75,0.0006041526794433594,0.6006107330322266,0.139892578125,16
8192,2,46,Q,0.0,8,8,8,6,6,0,75.0,0.0,0.822286844096415,0.75,0.0006041526794433594,0.6006107330322266,0.139892578125,16
8192,2,47,C,0.0,8,8,8,8,8,0,100.0,0.0,0.8231628224009221,0.75,0.0004353523254394531,0.43123388290405273,0.1376953125,16
8192,2,47,Q,0.0,8,8,8,6,6,0,75.0,0.0,0.8231628224009221,0.75,0.0004353523254394531,0.43123388290405273,0.1376953125,16
8192,2,48,C,0.0,8,8,8,8,8,0,100.0,0.0,0.8224314786512033,0.75,0.0003199577331542969,0.43102502822875977,0.1429443359375,16
8192,2,48,Q,0.0,8,8,8,6,6,0,75.0,0.0,0.8224314786512033,0.75,0.0003199577331542969,0.43102502822875977,0.1429443359375,16
8192,2,49,C,0.0,8,8,8,8,8,0,100.0,0.0,0.8239252048232646,0.75,0.0003597736358642578,0.6258029937744141,0.1490478515625,16
8192,2,49,Q,0.0,8,8,8,6,6,0,75.0,0.0,0.8239252048232646,0.75,0.0003597736358642578,0.6258029937744141,0.1490478515625,16
8192,2,50,C,0.0,8,8,8,8,8,0,100.0,0.0,0.8226432743040187,0.75,0.00019669532775878906,0.2628910541534424,0.1431884765625,16
8192,2,50,Q,0.0,8,8,8,6,6,0,75.0,0.0,0.8226432743040187,0.75,0.00019669532775878906,0.2628910541534424,0.1431884765625,16
8192,2,51,C,0.0,8,8,8,8,8,0,100.0,0.0,0.815691451213967,0.75,0.00018978118896484375,0.3130052089691162,0.14306640625,16
8192,2,51,Q,0.0,8,8,8,6,6,0,75.0,0.0,0.815691451213967,0.75,0.00018978118896484375,0.3130052089691162,0.14306640625,16
8192,2,52,C,0.0,8,8,8,8,8,0,100.0,0.0,0.8228621684375045,0.75,0.00031948089599609375,0.40008974075317383,0.1416015625,16
8192,2,52,Q,0.0,8,8,8,6,6,0,75.0,0.0,0.8228621684375045,0.75,0.00031948089599609375,0.40008974075317383,0.1416015625,16
8192,2,53,C,0.0,8,8,8,8,8,0,100.0,0.0,0.8249173288712325,0.75,0.00040411949157714844,0.4193534851074219,0.1396484375,16
8192,2,53,Q,0.0,8,8,8,6,6,0,75.0,0.0,0.8249173288712325,0.75,0.00040411949157714844,0.4193534851074219,0.1396484375,16
8192,2,54,C,0.0,8,8,8,8,8,0,100.0,0.0,0.826521732562588,0.75,0.0006177425384521484,0.4816470146179199,0.14208984375,16
8192,2,54,Q,0.0,8,8,8,6,6,0,75.0,0.0,0.826521732562588,0.75,0.0006177425384521484,0.4816470146179199,0.14208984375,16
8192,2,55,C,0.0,8,8,8,8,8,0,100.0,0.0,0.8226884110846562,0.75,0.0003638267517089844,0.4826931953430176,0.1380615234375,16
8192,2,55,Q,0.0,8,8,8,6,6,0,75.0,0.0,0.8226884110846562,0.75,0.0003638267517089844,0.4826931953430176,0.1380615234375,16
8192,2,56,C,0.0,8,8,8,8,8,0,100.0,0.0,0.8276855191356518,0.75,0.00021219253540039062,0.2749488353729248,0.1422119140625,16
8192,2,56,Q,0.0,8,8,8,6,6,0,75.0,0.0,0.8276855191356518,0.75,0.00021219253540039062,0.2749488353729248,0.1422119140625,16
8192,2,57,C,0.0,8,8,8,8,8,0,100.0,0.0,0.8250032617746221,0.75,0.00014781951904296875,0.26569557189941406,0.1436767578125,16
8192,2,57,Q,0.0,8,8,8,6,6,0,75.0,0.0,0.8250032617746221,0.75,0.00014781951904296875,0.26569557189941406,0.1436767578125,16
8192,2,58,C,0.0,8,8,8,8,8,0,100.0,0.0,0.8219557190569842,0.75,0.0004343986511230469,0.4093141555786133,0.14306640625,16
8192,2,58,Q,0.0,8,8,8,6,6,0,75.0,0.0,0.8219557190569842,0.75,0.0004343986511230469,0.4093141555786133,0.14306640625,16
8192,2,59,C,0.0,8,8,8,8,8,0,100.0,0.0,0.8279853626395625,0.75,0.00020813941955566406,0.34569668769836426,0.1422119140625,16
8192,2,59,Q,0.0,8,8,8,6,6,0,75.0,0.0,0.8279853626395625,0.75,0.00020813941955566406,0.34569668769836426,0.1422119140625,16
8192,4,0,C,0.0,16,16,48,16,16,0,100.0,0.0,0.6598575432251028,0.75,0.0002474784851074219,0.3292198181152344,0.0733642578125,64
8192,4,0,Q,0.0,16,16,48,12,12,0,75.0,0.0,0.6598575432251028,0.75,0.0002474784851074219,0.3292198181152344,0.0733642578125,64
8192,4,1,C,0.0,16,16,48,16,16,0,100.0,0.0,0.6685439413294727,0.75,0.0004372596740722656,1.1428918838500977,0.0758056640625,64
8192,4,1,Q,0.0,16,16,48,12,12,0,75.0,0.0,0.6685439413294727,0.75,0.0004372596740722656,1.1428918838500977,0.0758056640625,64
8192,4,2,C,0.0,16,16,48,16,16,0,100.0,0.0,0.6714764047200014,0.75,0.0004405975341796875,0.9876599311828613,0.0673828125,64
8192,4,2,Q,0.0,16,16,48,12,12,0,75.0,0.0,0.6714764047200014,0.75,0.0004405975341796875,0.9876599311828613,0.0673828125,64
8192,4,3,C,0.0,16,16,48,16,16,0,100.0,0.0,0.657041240919929,0.75,0.0006837844848632812,0.6703963279724121,0.072998046875,64
8192,4,3,Q,0.0,16,16,48,12,12,0,75.0,0.0,0.657041240919929,0.75,0.0006837844848632812,0.6703963279724121,0.072998046875,64
8192,4,4,C,0.0,16,16,48,16,16,0,100.0,0.0,0.6634053968562013,0.75,0.00023055076599121094,0.3666675090789795,0.0743408203125,64
8192,4,4,Q,0.0,16,16,48,12,12,0,75.0,0.0,0.6634053968562013,0.75,0.00023055076599121094,0.3666675090789795,0.0743408203125,64
8192,4,5,C,0.0,16,16,48,16,16,0,100.0,0.0,0.6590749930334668,0.75,0.00021123886108398438,0.3362429141998291,0.0699462890625,64
8192,4,5,Q,0.0,16,16,48,12,12,0,75.0,0.0,0.6590749930334668,0.75,0.00021123886108398438,0.3362429141998291,0.0699462890625,64
8192,4,6,C,0.0,16,16,48,16,16,0,100.0,0.0,0.6707238321347069,0.75,0.00045871734619140625,0.5059480667114258,0.077392578125,64
8192,4,6,Q,0.0,16,16,48,12,12,0,75.0,0.0,0.6707238321347069,0.75,0.00045871734619140625,0.5059480667114258,0.077392578125,64
8192,4,7,C,0.0,16,16,48,16,16,0,100.0,0.0,0.6640512770699509,0.75,0.00022554397583007812,0.3279111385345459,0.0738525390625,64
8192,4,7,Q,0.0,16,16,48,12,12,0,75.0,0.0,0.6640512770699509,0.75,0.00022554397583007812,0.3279111385345459,0.0738525390625,64
8192,4,8,C,0.0,16,16,48,16,16,0,100.0,0.0,0.6615750099353018,0.75,0.0004439353942871094,0.6300930976867676,0.0718994140625,64
8192,4,8,Q,0.0,16,16,48,12,12,0,75.0,0.0,0.6615750099353018,0.75,0.0004439353942871094,0.6300930976867676,0.0718994140625,64
8192,4,9,C,0.0,16,16,48,16,16,0,100.0,0.0,0.661504306755721,0.75,0.00022411346435546875,0.3171117305755615,0.0709228515625,64
8192,4,9,Q,0.0,16,16,48,12,12,0,75.0,0.0,0.661504306755721,0.75,0.00022411346435546875,0.3171117305755615,0.0709228515625,64
8192,4,10,C,0.0,16,16,48,16,16,0,100.0,0.0,0.6568783202110794,0.75,0.0004343986511230469,0.626910924911499,0.0721435546875,64
8192,4,10,Q,0.0,16,16,48,12,12,0,75.0,0.0,0.6568783202110794,0.75,0.0004343986511230469,0.626910924911499,0.0721435546875,64
8192,4,11,C,0.0,16,16,48,16,16,0,100.0,0.0,0.6666852355367416,0.75,0.0003342628479003906,0.5051617622375488,0.0703125,64
8192,4,11,Q,0.0,16,16,48,12,12,0,75.0,0.0,0.6666852355367416,0.75,0.0003342628479003906,0.5051617622375488,0.0703125,64
8192,4,12,C,0.0,16,16,48,16,16,0,100.0,0.0,0.6633147287643052,0.75,0.0002219676971435547,0.3239448070526123,0.0670166015625,64
8192,4,12,Q,0.0,16,16,48,12,12,0,75.0,0.0,0.6633147287643052,0.75,0.0002219676971435547,0.3239448070526123,0.0670166015625,64
8192,4,13,C,0.0,16,16,48,16,16,0,100.0,0.0,0.662356843086457,0.75,0.0002753734588623047,0.40395402908325195,0.0723876953125,64
8192,4,13,Q,0.0,16,16,48,12,12,0,75.0,0.0,0.662356843086457,0.75,0.0002753734588623047,0.40395402908325195,0.0723876953125,64
8192,4,14,C,0.0,16,16,48,16,16,0,100.0,0.0,0.6609526704770768,0.75,0.0006091594696044922,0.7286815643310547,0.070556640625,64
8192,4,14,Q,0.0,16,16,48,12,12,0,75.0,0.0,0.6609526704770768,0.75,0.0006091594696044922,0.7286815643310547,0.070556640625,64
8192,4,15,C,0.0,16,16,48,16,16,0,100.0,0.0,0.6695598071349776,0.75,0.0004220008850097656,0.8674807548522949,0.069580078125,64
8192,4,15,Q,0.0,16,16,48,12,12,0,75.0,0.0,0.6695598071349776,0.75,0.0004220008850097656,0.8674807548522949,0.069580078125,64
8192,4,16,C,0.0,16,16,48,16,16,0,100.0,0.0,0.6676371078551451,0.75,0.00042438507080078125,0.6150195598602295,0.069091796875,64
8192,4,16,Q,0.0,16,16,48,12,12,0,75.0,0.0,0.6676371078551451,0.75,0.00042438507080078125,0.6150195598602295,0.069091796875,64
8192,4,17,C,0.0,16,16,48,16,16,0,100.0,0.0,0.6575557404251813,0.75,0.00018787384033203125,0.38224172592163086,0.072509765625,64
8192,4,17,Q,0.0,16,16,48,12,12,0,75.0,0.0,0.6575557404251813,0.75,0.00018787384033203125,0.38224172592163086,0.072509765625,64
8192,4,18,C,0.0,16,16,48,16,16,0,100.0,0.0,0.6649453026483273,0.75,0.0002677440643310547,0.4074089527130127,0.072021484375,64
8192,4,18,Q,0.0,16,16,48,12,12,0,75.0,0.0,0.6649453026483273,0.75,0.0002677440643310547,0.4074089527130127,0.072021484375,64
8192,4,19,C,0.0,16,16,48,16,16,0,100.0,0.0,0.6573602933723267,0.75,0.0003902912139892578,0.5406625270843506,0.0709228515625,64
8192,4,19,Q,0.0,16,16,48,12,12,0,75.0,0.0,0.6573602933723267,0.75,0.0003902912139892578,0.5406625270843506,0.0709228515625,64
8192,4,20,C,0.0,16,16,48,16,16,0,100.0,0.0,0.6661698650448967,0.75,0.00022411346435546875,0.33361101150512695,0.0738525390625,64
8192,4,20,Q,0.0,16,16,48,12,12,0,75.0,0.0,0.6661698650448967,0.75,0.00022411346435546875,0.33361101150512695,0.0738525390625,64
8192,4,21,C,0.0,16,16,48,16,16,0,100.0,0.0,0.6653334593825603,0.75,0.00021719932556152344,0.37239885330200195,0.070556640625,64
8192,4,21,Q,0.0,16,16,48,12,12,0,75.0,0.0,0.6653334593825603,0.75,0.00021719932556152344,0.37239885330200195,0.070556640625,64
8192,4,22,C,0.0,16,16,48,16,16,0,100.0,0.0,0.6663738096517833,0.75,0.0003917217254638672,0.5306949615478516,0.0692138671875,64
8192,4,22,Q,0.0,16,16,48,12,12,0,75.0,0.0,0.6663738096517833,0.75,0.0003917217254638672,0.5306949615478516,0.0692138671875,64
8192,4,23,C,0.0,16,16,48,16,16,0,100.0,0.0,0.6640680059922803,0.75,0.00044345855712890625,0.5633828639984131,0.06884765625,64
8192,4,23,Q,0.0,16,16,48,12,12,0,75.0,0.0,0.6640680059922803,0.75,0.00044345855712890625,0.5633828639984131,0.06884765625,64
8192,4,24,C,0.0,16,16,48,16,16,0,100.0,0.0,0.6648663044141658,0.75,0.0005481243133544922,0.7030282020568848,0.0704345703125,64
8192,4,24,Q,0.0,16,16,48,12,12,0,75.0,0.0,0.6648663044141658,0.75,0.0005481243133544922,0.7030282020568848,0.0704345703125,64
8192,4,25,C,0.0,16,16,48,16,16,0,100.0,0.0,0.6607555550902211,0.75,0.00041031837463378906,0.511580228805542,0.0726318359375,64
8192,4,25,Q,0.0,16,16,48,12,12,0,75.0,0.0,0.6607555550902211,0.75,0.00041031837463378906,0.511580228805542,0.0726318359375,64
8192,4,26,C,0.0,16,16,48,16,16,0,100.0,0.0,0.6575315350673309,0.75,0.00021028518676757812,0.36965155601501465,0.0738525390625,64
8192,4,26,Q,0.0,16,16,48,12,12,0,75.0,0.0,0.6575315350673309,0.75,0.00021028518676757812,0.36965155601501465,0.0738525390625,64
8192,4,27,C,0.0,16,16,48,16,16,0,100.0,0.0,0.6652906683697124,0.8125,0.00021696090698242188,0.3106565475463867,0.071044921875,64
8192,4,27,Q,0.0,16,16,48,13,13,0,81.25,0.0,0.6652906683697124,0.8125,0.00021696090698242188,0.3106565475463867,0.071044921875,64
8192,4,28,C,0.0,16,16,48,16,16,0,100.0,0.0,0.6617664317390954,0.75,0.0004665851593017578,1.0561227798461914,0.0684814453125,64
8192,4,28,Q,0.0,16,16,48,12,12,0,75.0,0.0,0.6617664317390954,0.75,0.0004665851593017578,1.0561227798461914,0.0684814453125,64
8192,4,29,C,0.0,16,16,48,16,16,0,100.0,0.0,0.6643388256444165,0.8125,0.0004570484161376953,1.0567119121551514,0.072998046875,64
8192,4,29,Q,0.0,16,16,48,13,13,0,81.25,0.0,0.6643388256444165,0.8125,0.0004570484161376953,1.0567119121551514,0.072998046875,64
8192,4,30,C,0.0,16,16,48,16,16,0,100.0,0.0,0.6652745326849929,0.75,0.00025773048400878906,0.48432183265686035,0.0693359375,64
8192,4,30,Q,0.0,16,16,48,12,12,0,75.0,0.0,0.6652745326849929,0.75,0.00025773048400878906,0.48432183265686035,0.0693359375,64
8192,4,31,C,0.0,16,16,48,16,16,0,100.0,0.0,0.6599514904663634,0.75,0.00022792816162109375,0.34398436546325684,0.072021484375,64
8192,4,31,Q,0.0,16,16,48,12,12,0,75.0,0.0,0.6599514904663634,0.75,0.00022792816162109375,0.34398436546325684,0.072021484375,64
8192,4,32,C,0.0,16,16,48,16,16,0,100.0,0.0,0.6617627622620018,0.75,0.0004050731658935547,0.6411499977111816,0.0694580078125,64
8192,4,32,Q,0.0,16,16,48,12,12,0,75.0,0.0,0.6617627622620018,0.75,0.0004050731658935547,0.6411499977111816,0.0694580078125,64
8192,4,33,C,0.0,16,16,48,16,16,0,100.0,0.0,0.6677199897252319,0.75,0.0005090236663818359,0.6523635387420654,0.0694580078125,64
8192,4,33,Q,0.0,16,16,48,12,12,0,75.0,0.0,0.6677199897252319,0.75,0.0005090236663818359,0.6523635387420654,0.0694580078125,64
8192,4,34,C,0.0,16,16,48,16,16,0,100.0,0.0,0.6598419069354207,0.75,0.0002384185791015625,0.3274259567260742,0.0743408203125,64
8192,4,34,Q,0.0,16,16,48,12,12,0,75.0,0.0,0.6598419069354207,0.75,0.0002384185791015625,0.3274259567260742,0.0743408203125,64
8192,4,35,C,0.0,16,16,48,16,16,0,100.0,0.0,0.661958012251292,0.75,0.0001842975616455078,0.3173797130584717,0.0745849609375,64
8192,4,35,Q,0.0,16,16,48,12,12,0,75.0,0.0,0.661958012251292,0.75,0.0001842975616455078,0.3173797130584717,0.0745849609375,64
8192,4,36,C,0.0,16,16,48,16,16,0,100.0,0.0,0.667963199517749,0.75,0.00037860870361328125,0.5041821002960205,0.0665283203125,64
8192,4,36,Q,0.0,16,16,48,12,12,0,75.0,0.0,0.667963199517749,0.75,0.00037860870361328125,0.5041821002960205,0.0665283203125,64
8192,4,37,C,0.0,16,16,48,16,16,0,100.0,0.0,0.6605519581310754,0.75,0.00041604042053222656,0.5319409370422363,0.071533203125,64
8192,4,37,Q,0.0,16,16,48,12,12,0,75.0,0.0,0.6605519581310754,0.75,0.00041604042053222656,0.5319409370422363,0.071533203125,64
8192,4,38,C,0.0,16,16,48,16,16,0,100.0,0.0,0.6629316610725561,0.75,0.0003886222839355469,0.45166468620300293,0.067138671875,64
8192,4,38,Q,0.0,16,16,48,12,12,0,75.0,0.0,0.6629316610725561,0.75,0.0003886222839355469,0.45166468620300293,0.067138671875,64
8192,4,39,C,0.0,16,16,48,16,16,0,100.0,0.0,0.6585995913612172,0.75,0.00021266937255859375,0.3699169158935547,0.06982421875,64
8192,4,39,Q,0.0,16,16,48,12,12,0,75.0,0.0,0.6585995913612172,0.75,0.00021266937255859375,0.3699169158935547,0.06982421875,64
8192,4,40,C,0.0,16,16,48,16,16,0,100.0,0.0,0.6630203426377438,0.75,0.0001957416534423828,0.360795259475708,0.0736083984375,64
8192,4,40,Q,0.0,16,16,48,12,12,0,75.0,0.0,0.6630203426377438,0.75,0.0001957416534423828,0.360795259475708,0.0736083984375,64
8192,4,41,C,0.0,16,16,48,16,16,0,100.0,0.0,0.6643022022438116,0.75,0.0005075931549072266,0.8052058219909668,0.070556640625,64
8192,4,41,Q,0.0,16,16,48,12,12,0,75.0,0.0,0.6643022022438116,0.75,0.0005075931549072266,0.8052058219909668,0.070556640625,64
8192,4,42,C,0.0,16,16,48,16,16,0,100.0,0.0,0.6616605111064419,0.75,0.00023865699768066406,0.38729405403137207,0.071044921875,64
8192,4,42,Q,0.0,16,16,48,12,12,0,75.0,0.0,0.6616605111064419,0.75,0.00023865699768066406,0.38729405403137207,0.071044921875,64
8192,4,43,C,0.0,16,16,48,16,16,0,100.0,0.0,0.6627621025067777,0.75,0.0002110004425048828,0.3803272247314453,0.07080078125,64
8192,4,43,Q,0.0,16,16,48,12,12,0,75.0,0.0,0.6627621025067777,0.75,0.0002110004425048828,0.3803272247314453,0.07080078125,64
8192,4,44,C,0.0,16,16,48,16,16,0,100.0,0.0,0.663792755168056,0.75,0.0004942417144775391,0.9194810390472412,0.0712890625,64
8192,4,44,Q,0.0,16,16,48,12,12,0,75.0,0.0,0.663792755168056,0.75,0.0004942417144775391,0.9194810390472412,0.0712890625,64
8192,4,45,C,0.0,16,16,48,16,16,0,100.0,0.0,0.6610307511515413,0.8125,0.00042724609375,0.5957388877868652,0.0750732421875,64
8192,4,45,Q,0.0,16,16,48,13,13,0,81.25,0.0,0.6610307511515413,0.8125,0.00042724609375,0.5957388877868652,0.0750732421875,64
8192,4,46,C,0.0,16,16,48,16,16,0,100.0,0.0,0.6578026104013839,0.75,0.0005006790161132812,0.5336229801177979,0.0703125,64
8192,4,46,Q,0.0,16,16,48,12,12,0,75.0,0.0,0.6578026104013839,0.75,0.0005006790161132812,0.5336229801177979,0.0703125,64
8192,4,47,C,0.0,16,16,48,16,16,0,100.0,0.0,0.6660981834358953,0.75,0.00023937225341796875,0.3275184631347656,0.0745849609375,64
8192,4,47,Q,0.0,16,16,48,12,12,0,75.0,0.0,0.6660981834358953,0.75,0.00023937225341796875,0.3275184631347656,0.0745849609375,64
8192,4,48,C,0.0,16,16,48,16,16,0,100.0,0.0,0.663011440530531,0.8125,0.00021266937255859375,0.3239438533782959,0.07373046875,64
8192,4,48,Q,0.0,16,16,48,13,13,0,81.25,0.0,0.663011440530531,0.8125,0.00021266937255859375,0.3239438533782959,0.07373046875,64
8192,4,49,C,0.0,16,16,48,16,16,0,100.0,0.0,0.6658608832571208,0.75,0.0004687309265136719,0.6896650791168213,0.071044921875,64
8192,4,49,Q,0.0,16,16,48,12,12,0,75.0,0.0,0.6658608832571208,0.75,0.0004687309265136719,0.6896650791168213,0.071044921875,64
8192,4,50,C,0.0,16,16,48,16,16,0,100.0,0.0,0.6597274112973874,0.75,0.00044989585876464844,0.6570935249328613,0.0733642578125,64
8192,4,50,Q,0.0,16,16,48,12,12,0,75.0,0.0,0.6597274112973874,0.75,0.00044989585876464844,0.6570935249328613,0.0733642578125,64
8192,4,51,C,0.0,16,16,48,16,16,0,100.0,0.0,0.6578557064527498,0.75,0.00020003318786621094,0.3544654846191406,0.0689697265625,64
8192,4,51,Q,0.0,16,16,48,12,12,0,75.0,0.0,0.6578557064527498,0.75,0.00020003318786621094,0.3544654846191406,0.0689697265625,64
8192,4,52,C,0.0,16,16,48,16,16,0,100.0,0.0,0.6567712734604592,0.75,0.00024509429931640625,0.3355274200439453,0.0728759765625,64
8192,4,52,Q,0.0,16,16,48,12,12,0,75.0,0.0,0.6567712734604592,0.75,0.00024509429931640625,0.3355274200439453,0.0728759765625,64
8192,4,53,C,0.0,16,16,48,16,16,0,100.0,0.0,0.6644107823671279,0.75,0.00043845176696777344,0.5298223495483398,0.0706787109375,64
8192,4,53,Q,0.0,16,16,48,12,12,0,75.0,0.0,0.6644107823671279,0.75,0.00043845176696777344,0.5298223495483398,0.0706787109375,64
8192,4,54,C,0.0,16,16,48,16,16,0,100.0,0.0,0.6637182128754188,0.75,0.0006022453308105469,0.7158563137054443,0.075439453125,64
8192,4,54,Q,0.0,16,16,48,12,12,0,75.0,0.0,0.6637182128754188,0.75,0.0006022453308105469,0.7158563137054443,0.075439453125,64
8192,4,55,C,0.0,16,16,48,16,16,0,100.0,0.0,0.6636417220980935,0.75,0.0002124309539794922,0.30569958686828613,0.073486328125,64
8192,4,55,Q,0.0,16,16,48,12,12,0,75.0,0.0,0.6636417220980935,0.75,0.0002124309539794922,0.30569958686828613,0.073486328125,64
8192,4,56,C,0.0,16,16,48,16,16,0,100.0,0.0,0.6652439532656174,0.75,0.0002536773681640625,0.3437354564666748,0.0721435546875,64
8192,4,56,Q,0.0,16,16,48,12,12,0,75.0,0.0,0.6652439532656174,0.75,0.0002536773681640625,0.3437354564666748,0.0721435546875,64
8192,4,57,C,0.0,16,16,48,16,16,0,100.0,0.0,0.6608223914026294,0.75,0.0004436969757080078,0.5059404373168945,0.0738525390625,64
8192,4,57,Q,0.0,16,16,48,12,12,0,75.0,0.0,0.6608223914026294,0.75,0.0004436969757080078,0.5059404373168945,0.0738525390625,64
8192,4,58,C,0.0,16,16,48,16,16,0,100.0,0.0,0.6632262512603871,0.75,0.00048089027404785156,0.5145177841186523,0.071044921875,64
8192,4,58,Q,0.0,16,16,48,12,12,0,75.0,0.0,0.6632262512603871,0.75,0.00048089027404785156,0.5145177841186523,0.071044921875,64
8192,4,59,C,0.0,16,16,48,16,16,0,100.0,0.0,0.6643753575354565,0.75,0.000186920166015625,0.33354830741882324,0.075439453125,64
8192,4,59,Q,0.0,16,16,48,12,12,0,75.0,0.0,0.6643753575354565,0.75,0.000186920166015625,0.33354830741882324,0.075439453125,64
8192,6,0,C,0.0,24,24,120,24,24,0,100.0,0.0,0.5452810982669022,0.75,0.00023365020751953125,0.5100514888763428,0.027587890625,144
8192,6,0,Q,0.0,24,24,120,18,18,0,75.0,0.0,0.5452810982669022,0.75,0.00023365020751953125,0.5100514888763428,0.027587890625,144
8192,6,1,C,0.0,24,24,120,24,24,0,100.0,0.0,0.5615492477872351,0.875,0.0005731582641601562,0.8205959796905518,0.0274658203125,144
8192,6,1,Q,0.0,24,24,120,21,21,0,87.5,0.0,0.5615492477872351,0.875,0.0005731582641601562,0.8205959796905518,0.0274658203125,144
8192,6,2,C,0.0,24,24,120,24,24,0,100.0,0.0,0.5551875763953571,0.7083333333333334,0.00027060508728027344,0.489849328994751,0.0263671875,144
8192,6,2,Q,0.0,24,24,120,17,17,0,70.83333333333333,0.0,0.5551875763953571,0.7083333333333334,0.00027060508728027344,0.489849328994751,0.0263671875,144
8192,6,3,C,0.0,24,24,120,24,24,0,100.0,0.0,0.5508037353831705,0.7083333333333334,0.0002200603485107422,0.500652551651001,0.0269775390625,144
8192,6,3,Q,0.0,24,24,120,17,17,0,70.83333333333333,0.0,0.5508037353831705,0.7083333333333334,0.0002200603485107422,0.500652551651001,0.0269775390625,144
8192,6,4,C,0.0,24,24,120,24,24,0,100.0,0.0,0.5623930233904985,0.7916666666666666,0.000583648681640625,0.7420084476470947,0.0267333984375,144
8192,6,4,Q,0.0,24,24,120,19,19,0,79.16666666666667,0.0,0.5623930233904985,0.7916666666666666,0.000583648681640625,0.7420084476470947,0.0267333984375,144
8192,6,5,C,0.0,24,24,120,24,24,0,100.0,0.0,0.5574461487806959,0.7083333333333334,0.0004291534423828125,0.7664017677307129,0.02490234375,144
8192,6,5,Q,0.0,24,24,120,17,17,0,70.83333333333333,0.0,0.5574461487806959,0.7083333333333334,0.0004291534423828125,0.7664017677307129,0.02490234375,144
8192,6,6,C,0.0,24,24,120,24,24,0,100.0,0.0,0.5426861638375423,0.75,0.00028133392333984375,0.5819573402404785,0.025146484375,144
8192,6,6,Q,0.0,24,24,120,18,18,0,75.0,0.0,0.5426861638375423,0.75,0.00028133392333984375,0.5819573402404785,0.025146484375,144
8192,6,7,C,0.0,24,24,120,24,24,0,100.0,0.0,0.5696646464104238,0.8333333333333334,0.00054168701171875,0.7579498291015625,0.028076171875,144
8192,6,7,Q,0.0,24,24,120,20,20,0,83.33333333333333,0.0,0.5696646464104238,0.8333333333333334,0.00054168701171875,0.7579498291015625,0.028076171875,144
8192,6,8,C,0.0,24,24,120,24,24,0,100.0,0.0,0.566155428694037,0.875,0.00027489662170410156,0.5533132553100586,0.0291748046875,144
8192,6,8,Q,0.0,24,24,120,21,21,0,87.5,0.0,0.566155428694037,0.875,0.00027489662170410156,0.5533132553100586,0.0291748046875,144
8192,6,9,C,0.0,24,24,120,24,24,0,100.0,0.0,0.57070760912203,0.875,0.00028133392333984375,0.5143110752105713,0.02734375,144
8192,6,9,Q,0.0,24,24,120,21,21,0,87.5,0.0,0.57070760912203,0.875,0.00028133392333984375,0.5143110752105713,0.02734375,144
8192,6,10,C,0.0,24,24,120,24,24,0,100.0,0.0,0.5579559506032499,0.75,0.0001990795135498047,0.4483330249786377,0.0272216796875,144
8192,6,10,Q,0.0,24,24,120,18,18,0,75.0,0.0,0.5579559506032499,0.75,0.0001990795135498047,0.4483330249786377,0.0272216796875,144
8192,6,11,C,0.0,24,24,120,24,24,0,100.0,0.0,0.5593137897255681,0.75,0.0005078315734863281,0.7284865379333496,0.02783203125,144
8192,6,11,Q,0.0,24,24,120,18,18,0,75.0,0.0,0.5593137897255681,0.75,0.0005078315734863281,0.7284865379333496,0.02783203125,144
8192,6,12,C,0.0,24,24,120,24,24,0,100.0,0.0,0.5588786626382221,0.8333333333333334,0.0004296302795410156,0.780043363571167,0.0247802734375,144
8192,6,12,Q,0.0,24,24,120,20,20,0,83.33333333333333,0.0,0.5588786626382221,0.8333333333333334,0.0004296302795410156,0.780043363571167,0.0247802734375,144
8192,6,13,C,0.0,24,24,120,24,24,0,100.0,0.0,0.5649370860259524,0.75,0.00045299530029296875,0.7714352607727051,0.0234375,144
8192,6,13,Q,0.0,24,24,120,18,18,0,75.0,0.0,0.5649370860259524,0.75,0.00045299530029296875,0.7714352607727051,0.0234375,144
8192,6,14,C,0.0,24,24,120,24,24,0,100.0,0.0,0.5626602620841451,0.8333333333333334,0.0006308555603027344,0.9973676204681396,0.02880859375,144
8192,6,14,Q,0.0,24,24,120,20,20,0,83.33333333333333,0.0,0.5626602620841451,0.8333333333333334,0.0006308555603027344,0.9973676204681396,0.02880859375,144
8192,6,15,C,0.0,24,24,120,24,24,0,100.0,0.0,0.5502868457759541,0.7916666666666666,0.00024628639221191406,0.5807633399963379,0.0279541015625,144
8192,6,15,Q,0.0,24,24,120,19,19,0,79.16666666666667,0.0,0.5502868457759541,0.7916666666666666,0.00024628639221191406,0.5807633399963379,0.0279541015625,144
8192,6,16,C,0.0,24,24,120,24,24,0,100.0,0.0,0.5589366340286959,0.7916666666666666,0.00025963783264160156,0.5185246467590332,0.025390625,144
8192,6,16,Q,0.0,24,24,120,19,19,0,79.16666666666667,0.0,0.5589366340286959,0.7916666666666666,0.00025963783264160156,0.5185246467590332,0.025390625,144
8192,6,17,C,0.0,24,24,120,24,24,0,100.0,0.0,0.560174826557338,0.875,0.0004968643188476562,0.7983090877532959,0.029296875,144
8192,6,17,Q,0.0,24,24,120,21,21,0,87.5,0.0,0.560174826557338,0.875,0.0004968643188476562,0.7983090877532959,0.029296875,144
8192,6,18,C,0.0,24,24,120,24,24,0,100.0,0.0,0.5629778982174095,0.7916666666666666,0.0002551078796386719,0.5085136890411377,0.02587890625,144
8192,6,18,Q,0.0,24,24,120,19,19,0,79.16666666666667,0.0,0.5629778982174095,0.7916666666666666,0.0002551078796386719,0.5085136890411377,0.02587890625,144
8192,6,19,C,0.0,24,24,120,24,24,0,100.0,0.0,0.570132601810373,0.8333333333333334,0.0002453327178955078,0.5593297481536865,0.0274658203125,144
8192,6,19,Q,0.0,24,24,120,20,20,0,83.33333333333333,0.0,0.570132601810373,0.8333333333333334,0.0002453327178955078,0.5593297481536865,0.0274658203125,144
8192,6,20,C,0.0,24,24,120,24,24,0,100.0,0.0,0.5500048699997397,0.7916666666666666,0.0005886554718017578,0.8160383701324463,0.0235595703125,144
8192,6,20,Q,0.0,24,24,120,19,19,0,79.16666666666667,0.0,0.5500048699997397,0.7916666666666666,0.0005886554718017578,0.8160383701324463,0.0235595703125,144
8192,6,21,C,0.0,24,24,120,24,24,0,100.0,0.0,0.5617824644938605,0.8333333333333334,0.0004630088806152344,0.7917752265930176,0.024658203125,144
8192,6,21,Q,0.0,24,24,120,20,20,0,83.33333333333333,0.0,0.5617824644938605,0.8333333333333334,0.0004630088806152344,0.7917752265930176,0.024658203125,144
8192,6,22,C,0.0,24,24,120,24,24,0,100.0,0.0,0.5575388202432966,0.7916666666666666,0.0005218982696533203,1.9610145092010498,0.028076171875,144
8192,6,22,Q,0.0,24,24,120,19,19,0,79.16666666666667,0.0,0.5575388202432966,0.7916666666666666,0.0005218982696533203,1.9610145092010498,0.028076171875,144
8192,6,23,C,0.0,24,24,120,24,24,0,100.0,0.0,0.5576031698948404,0.75,0.00028896331787109375,0.5359303951263428,0.0255126953125,144
8192,6,23,Q,0.0,24,24,120,18,18,0,75.0,0.0,0.5576031698948404,0.75,0.00028896331787109375,0.5359303951263428,0.0255126953125,144
8192,6,24,C,0.0,24,24,120,24,24,0,100.0,0.0,0.5478559483323703,0.7916666666666666,0.00025343894958496094,0.4950988292694092,0.029052734375,144
8192,6,24,Q,0.0,24,24,120,19,19,0,79.16666666666667,0.0,0.5478559483323703,0.7916666666666666,0.00025343894958496094,0.4950988292694092,0.029052734375,144
8192,6,25,C,0.0,24,24,120,24,24,0,100.0,0.0,0.5602631772902985,0.75,0.00041222572326660156,0.6630089282989502,0.0257568359375,144
8192,6,25,Q,0.0,24,24,120,18,18,0,75.0,0.0,0.5602631772902985,0.75,0.00041222572326660156,0.6630089282989502,0.0257568359375,144
8192,6,26,C,0.0,24,24,120,24,24,0,100.0,0.0,0.5535485650492767,0.7083333333333334,0.0005490779876708984,0.7934870719909668,0.0267333984375,144
8192,6,26,Q,0.0,24,24,120,17,17,0,70.83333333333333,0.0,0.5535485650492767,0.7083333333333334,0.0005490779876708984,0.7934870719909668,0.0267333984375,144
8192,6,27,C,0.0,24,24,120,24,24,0,100.0,0.0,0.5597913332324751,0.8333333333333334,0.0005242824554443359,0.8124744892120361,0.025146484375,144
8192,6,27,Q,0.0,24,24,120,20,20,0,83.33333333333333,0.0,0.5597913332324751,0.8333333333333334,0.0005242824554443359,0.8124744892120361,0.025146484375,144
8192,6,28,C,0.0,24,24,120,24,24,0,100.0,0.0,0.5511291325145158,0.75,0.0002505779266357422,0.5070235729217529,0.0274658203125,144
8192,6,28,Q,0.0,24,24,120,18,18,0,75.0,0.0,0.5511291325145158,0.75,0.0002505779266357422,0.5070235729217529,0.0274658203125,144
8192,6,29,C,0.0,24,24,120,24,24,0,100.0,0.0,0.5689877826836905,0.7916666666666666,0.0002334117889404297,0.5060737133026123,0.0281982421875,144
8192,6,29,Q,0.0,24,24,120,19,19,0,79.16666666666667,0.0,0.5689877826836905,0.7916666666666666,0.0002334117889404297,0.5060737133026123,0.0281982421875,144
8192,6,30,C,0.0,24,24,120,24,24,0,100.0,0.0,0.5722921633515743,0.875,0.0005254745483398438,0.8010175228118896,0.02490234375,144
8192,6,30,Q,0.0,24,24,120,21,21,0,87.5,0.0,0.5722921633515743,0.875,0.0005254745483398438,0.8010175228118896,0.02490234375,144
8192,6,31,C,0.0,24,24,120,24,24,0,100.0,0.0,0.5597215331839431,0.7916666666666666,0.0012307167053222656,0.7029857635498047,0.02734375,144
8192,6,31,Q,0.0,24,24,120,19,19,0,79.16666666666667,0.0,0.5597215331839431,0.7916666666666666,0.0012307167053222656,0.7029857635498047,0.02734375,144
8192,6,32,C,0.0,24,24,120,24,24,0,100.0,0.0,0.5627331876849789,0.875,0.0002579689025878906,0.5132267475128174,0.02490234375,144
8192,6,32,Q,0.0,24,24,120,21,21,0,87.5,0.0,0.5627331876849789,0.875,0.0002579689025878906,0.5132267475128174,0.02490234375,144
8192,6,33,C,0.0,24,24,120,24,24,0,100.0,0.0,0.5588048268054637,0.7916666666666666,0.0002467632293701172,0.6041500568389893,0.024658203125,144
8192,6,33,Q,0.0,24,24,120,19,19,0,79.16666666666667,0.0,0.5588048268054637,0.7916666666666666,0.0002467632293701172,0.6041500568389893,0.024658203125,144
8192,6,34,C,0.0,24,24,120,24,24,0,100.0,0.0,0.5703459624417949,0.7916666666666666,0.0005021095275878906,0.7163906097412109,0.0303955078125,144
8192,6,34,Q,0.0,24,24,120,19,19,0,79.16666666666667,0.0,0.5703459624417949,0.7916666666666666,0.0005021095275878906,0.7163906097412109,0.0303955078125,144
8192,6,35,C,0.0,24,24,120,24,24,0,100.0,0.0,0.5610526428487437,0.875,0.0006661415100097656,0.9281508922576904,0.0283203125,144
8192,6,35,Q,0.0,24,24,120,21,21,0,87.5,0.0,0.5610526428487437,0.875,0.0006661415100097656,0.9281508922576904,0.0283203125,144
8192,6,36,C,0.0,24,24,120,24,24,0,100.0,0.0,0.5615691962245423,0.75,0.00047206878662109375,0.6553442478179932,0.0328369140625,144
8192,6,36,Q,0.0,24,24,120,18,18,0,75.0,0.0,0.5615691962245423,0.75,0.00047206878662109375,0.6553442478179932,0.0328369140625,144
8192,6,37,C,0.0,24,24,120,24,24,0,100.0,0.0,0.5668640991662615,0.7916666666666666,0.00026917457580566406,0.5044205188751221,0.0286865234375,144
8192,6,37,Q,0.0,24,24,120,19,19,0,79.16666666666667,0.0,0.5668640991662615,0.7916666666666666,0.00026917457580566406,0.5044205188751221,0.0286865234375,144
8192,6,38,C,0.0,24,24,120,24,24,0,100.0,0.0,0.5754795098917508,0.875,0.0002593994140625,0.5028626918792725,0.024658203125,144
8192,6,38,Q,0.0,24,24,120,21,21,0,87.5,0.0,0.5754795098917508,0.875,0.0002593994140625,0.5028626918792725,0.024658203125,144
8192,6,39,C,0.0,24,24,120,24,24,0,100.0,0.0,0.5644787149099822,0.8333333333333334,0.0004258155822753906,0.6854829788208008,0.0279541015625,144
8192,6,39,Q,0.0,24,24,120,20,20,0,83.33333333333333,0.0,0.5644787149099822,0.8333333333333334,0.0004258155822753906,0.6854829788208008,0.0279541015625,144
8192,6,40,C,0.0,24,24,120,24,24,0,100.0,0.0,0.5502644394110137,0.7916666666666666,0.0004761219024658203,0.7957825660705566,0.024169921875,144
8192,6,40,Q,0.0,24,24,120,19,19,0,79.16666666666667,0.0,0.5502644394110137,0.7916666666666666,0.0004761219024658203,0.7957825660705566,0.024169921875,144
8192,6,41,C,0.0,24,24,120,24,24,0,100.0,0.0,0.5525775104568033,0.7916666666666666,0.00024580955505371094,0.5320498943328857,0.0289306640625,144
8192,6,41,Q,0.0,24,24,120,19,19,0,79.16666666666667,0.0,0.5525775104568033,0.7916666666666666,0.00024580955505371094,0.5320498943328857,0.0289306640625,144
8192,6,42,C,0.0,24,24,120,24,24,0,100.0,0.0,0.5641483215947961,0.875,0.0002446174621582031,0.4687936305999756,0.027587890625,144
8192,6,42,Q,0.0,24,24,120,21,21,0,87.5,0.0,0.5641483215947961,0.875,0.0002446174621582031,0.4687936305999756,0.027587890625,144
8192,6,43,C,0.0,24,24,120,24,24,0,100.0,0.0,0.5522210017033209,0.7916666666666666,0.00046634674072265625,0.6441235542297363,0.02392578125,144
8192,6,43,Q,0.0,24,24,120,19,19,0,79.16666666666667,0.0,0.5522210017033209,0.7916666666666666,0.00046634674072265625,0.6441235542297363,0.02392578125,144
8192,6,44,C,0.0,24,24,120,24,24,0,100.0,0.0,0.5594271736091971,0.7916666666666666,0.0003185272216796875,0.504589319229126,0.026123046875,144
8192,6,44,Q,0.0,24,24,120,19,19,0,79.16666666666667,0.0,0.5594271736091971,0.7916666666666666,0.0003185272216796875,0.504589319229126,0.026123046875,144
8192,6,45,C,0.0,24,24,120,24,24,0,100.0,0.0,0.5764341976058598,0.875,0.0009605884552001953,0.9547727108001709,0.0255126953125,144
8192,6,45,Q,0.0,24,24,120,21,21,0,87.5,0.0,0.5764341976058598,0.875,0.0009605884552001953,0.9547727108001709,0.0255126953125,144
8192,6,46,C,0.0,24,24,120,24,24,0,100.0,0.0,0.5713115141349967,0.7916666666666666,0.00028586387634277344,0.5347795486450195,0.028564453125,144
8192,6,46,Q,0.0,24,24,120,19,19,0,79.16666666666667,0.0,0.5713115141349967,0.7916666666666666,0.00028586387634277344,0.5347795486450195,0.028564453125,144
8192,6,47,C,0.0,24,24,120,24,24,0,100.0,0.0,0.5593265573040458,0.8333333333333334,0.00023055076599121094,0.48752617835998535,0.0284423828125,144
8192,6,47,Q,0.0,24,24,120,20,20,0,83.33333333333333,0.0,0.5593265573040458,0.8333333333333334,0.00023055076599121094,0.48752617835998535,0.0284423828125,144
8192,6,48,C,0.0,24,24,120,24,24,0,100.0,0.0,0.572980774787571,0.875,0.00025844573974609375,0.5626392364501953,0.0250244140625,144
8192,6,48,Q,0.0,24,24,120,21,21,0,87.5,0.0,0.572980774787571,0.875,0.00025844573974609375,0.5626392364501953,0.0250244140625,144
8192,6,49,C,0.0,24,24,120,24,24,0,100.0,0.0,0.5722097574342483,0.9166666666666666,0.0004982948303222656,0.8188343048095703,0.0286865234375,144
8192,6,49,Q,0.0,24,24,120,22,22,0,91.66666666666667,0.0,0.5722097574342483,0.9166666666666666,0.0004982948303222656,0.8188343048095703,0.0286865234375,144
8192,6,50,C,0.0,24,24,120,24,24,0,100.0,0.0,0.555066690489169,0.7916666666666666,0.000579833984375,0.8414905071258545,0.0281982421875,144
8192,6,50,Q,0.0,24,24,120,19,19,0,79.16666666666667,0.0,0.555066690489169,0.7916666666666666,0.000579833984375,0.8414905071258545,0.0281982421875,144
8192,6,51,C,0.0,24,24,120,24,24,0,100.0,0.0,0.5602358845911031,0.875,0.0005488395690917969,0.846935510635376,0.026123046875,144
8192,6,51,Q,0.0,24,24,120,21,21,0,87.5,0.0,0.5602358845911031,0.875,0.0005488395690917969,0.846935510635376,0.026123046875,144
8192,6,52,C,0.0,24,24,120,24,24,0,100.0,0.0,0.5625696158474971,0.8333333333333334,0.0003314018249511719,0.5768637657165527,0.02392578125,144
8192,6,52,Q,0.0,24,24,120,20,20,0,83.33333333333333,0.0,0.5625696158474971,0.8333333333333334,0.0003314018249511719,0.5768637657165527,0.02392578125,144
8192,6,53,C,0.0,24,24,120,24,24,0,100.0,0.0,0.5504023408191171,0.7916666666666666,0.0006692409515380859,0.5609283447265625,0.0257568359375,144
8192,6,53,Q,0.0,24,24,120,19,19,0,79.16666666666667,0.0,0.5504023408191171,0.7916666666666666,0.0006692409515380859,0.5609283447265625,0.0257568359375,144
8192,6,54,C,0.0,24,24,120,24,24,0,100.0,0.0,0.5610343259388348,0.75,0.0002295970916748047,0.49800586700439453,0.025634765625,144
8192,6,54,Q,0.0,24,24,120,18,18,0,75.0,0.0,0.5610343259388348,0.75,0.0002295970916748047,0.49800586700439453,0.025634765625,144
8192,6,55,C,0.0,24,24,120,24,24,0,100.0,0.0,0.5569830248193853,0.8333333333333334,0.0005724430084228516,0.7941915988922119,0.0281982421875,144
8192,6,55,Q,0.0,24,24,120,20,20,0,83.33333333333333,0.0,0.5569830248193853,0.8333333333333334,0.0005724430084228516,0.7941915988922119,0.0281982421875,144
8192,6,56,C,0.0,24,24,120,24,24,0,100.0,0.0,0.5567509693511122,0.7916666666666666,0.0007336139678955078,0.987863302230835,0.0240478515625,144
8192,6,56,Q,0.0,24,24,120,19,19,0,79.16666666666667,0.0,0.5567509693511122,0.7916666666666666,0.0007336139678955078,0.987863302230835,0.0240478515625,144
8192,6,57,C,0.0,24,24,120,24,24,0,100.0,0.0,0.5554423053496134,0.75,0.0005421638488769531,0.8075034618377686,0.029296875,144
8192,6,57,Q,0.0,24,24,120,18,18,0,75.0,0.0,0.5554423053496134,0.75,0.0005421638488769531,0.8075034618377686,0.029296875,144
8192,6,58,C,0.0,24,24,120,24,24,0,100.0,0.0,0.5703150460294315,0.7916666666666666,0.00022792816162109375,0.48569345474243164,0.0244140625,144
8192,6,58,Q,0.0,24,24,120,19,19,0,79.16666666666667,0.0,0.5703150460294315,0.7916666666666666,0.00022792816162109375,0.48569345474243164,0.0244140625,144
8192,6,59,C,0.0,24,24,120,24,24,0,100.0,0.0,0.5517152459813014,0.75,0.0002512931823730469,0.5245251655578613,0.026611328125,144
8192,6,59,Q,0.0,24,24,120,18,18,0,75.0,0.0,0.5517152459813014,0.75,0.0002512931823730469,0.5245251655578613,0.026611328125,144
8192,8,0,C,0.0,32,32,224,32,32,0,100.0,0.0,0.4959850147139246,0.8125,0.000621795654296875,0.888120174407959,0.0377197265625,256
8192,8,0,Q,0.0,32,32,224,26,26,0,81.25,0.0,0.4959850147139246,0.8125,0.000621795654296875,0.888120174407959,0.0377197265625,256
8192,8,1,C,0.0,32,32,224,32,32,0,100.0,0.0,0.5095491381083574,0.96875,0.0002663135528564453,0.5986480712890625,0.03466796875,256
8192,8,1,Q,0.0,32,32,224,31,31,0,96.875,0.0,0.5095491381083574,0.96875,0.0002663135528564453,0.5986480712890625,0.03466796875,256
8192,8,2,C,0.0,32,32,224,32,32,0,100.0,0.0,0.5097321316692314,0.96875,0.0003178119659423828,0.6441042423248291,0.0362548828125,256
8192,8,2,Q,0.0,32,32,224,31,31,0,96.875,0.0,0.5097321316692314,0.96875,0.0003178119659423828,0.6441042423248291,0.0362548828125,256
8192,8,3,C,0.0,32,32,224,32,32,0,100.0,0.0,0.4966570239128594,0.875,0.0002453327178955078,0.5704200267791748,0.0340576171875,256
8192,8,3,Q,0.0,32,32,224,28,28,0,87.5,0.0,0.4966570239128594,0.875,0.0002453327178955078,0.5704200267791748,0.0340576171875,256
8192,8,4,C,0.0,32,32,224,32,32,0,100.0,0.0,0.49811166873991886,0.90625,0.00055694580078125,0.9291191101074219,0.0384521484375,256
8192,8,4,Q,0.0,32,32,224,29,29,0,90.625,0.0,0.49811166873991886,0.90625,0.00055694580078125,0.9291191101074219,0.0384521484375,256
8192,8,5,C,0.0,32,32,224,32,32,0,100.0,0.0,0.492096891239944,0.90625,0.0002636909484863281,0.611262321472168,0.0377197265625,256
8192,8,5,Q,0.0,32,32,224,29,29,0,90.625,0.0,0.492096891239944,0.90625,0.0002636909484863281,0.611262321472168,0.0377197265625,256
8192,8,6,C,0.0,32,32,224,32,32,0,100.0,0.0,0.5076101622336323,0.90625,0.0006034374237060547,0.938246488571167,0.03466796875,256
8192,8,6,Q,0.0,32,32,224,29,29,0,90.625,0.0,0.5076101622336323,0.90625,0.0006034374237060547,0.938246488571167,0.03466796875,256
8192,8,7,C,0.0,32,32,224,32,32,0,100.0,0.0,0.4978122449612707,0.875,0.0007739067077636719,1.0090436935424805,0.035888671875,256
8192,8,7,Q,0.0,32,32,224,28,28,0,87.5,0.0,0.4978122449612707,0.875,0.0007739067077636719,1.0090436935424805,0.035888671875,256
8192,8,8,C,0.0,32,32,224,32,32,0,100.0,0.0,0.4928285097395267,0.90625,0.0008008480072021484,1.1741628646850586,0.03515625,256
8192,8,8,Q,0.0,32,32,224,29,29,0,90.625,0.0,0.4928285097395267,0.90625,0.0008008480072021484,1.1741628646850586,0.03515625,256
8192,8,9,C,0.0,32,32,224,32,32,0,100.0,0.0,0.5040508121841399,0.90625,0.000293731689453125,0.5916743278503418,0.03369140625,256
8192,8,9,Q,0.0,32,32,224,29,29,0,90.625,0.0,0.5040508121841399,0.90625,0.000293731689453125,0.5916743278503418,0.03369140625,256
8192,8,10,C,0.0,32,32,224,32,32,0,100.0,0.0,0.49585669162691454,0.84375,0.00022554397583007812,0.5412306785583496,0.036376953125,256
8192,8,10,Q,0.0,32,32,224,27,27,0,84.375,0.0,0.49585669162691454,0.84375,0.00022554397583007812,0.5412306785583496,0.036376953125,256
8192,8,11,C,0.0,32,32,224,32,32,0,100.0,0.0,0.49427853105313635,0.84375,0.00028324127197265625,0.8585364818572998,0.0347900390625,256
8192,8,11,Q,0.0,32,32,224,27,27,0,84.375,0.0,0.49427853105313635,0.84375,0.00028324127197265625,0.8585364818572998,0.0347900390625,256
8192,8,12,C,0.0,32,32,224,32,32,0,100.0,0.0,0.5055352437361884,0.9375,0.0002536773681640625,0.5313363075256348,0.0379638671875,256
8192,8,12,Q,0.0,32,32,224,30,30,0,93.75,0.0,0.5055352437361884,0.9375,0.0002536773681640625,0.5313363075256348,0.0379638671875,256
8192,8,13,C,0.0,32,32,224,32,32,0,100.0,0.0,0.5013651321163524,0.90625,0.00021195411682128906,0.5651266574859619,0.037353515625,256
8192,8,13,Q,0.0,32,32,224,29,29,0,90.625,0.0,0.5013651321163524,0.90625,0.00021195411682128906,0.5651266574859619,0.037353515625,256
8192,8,14,C,0.0,32,32,224,32,32,0,100.0,0.0,0.4935138461606851,0.875,0.00042891502380371094,0.7686223983764648,0.03662109375,256
8192,8,14,Q,0.0,32,32,224,28,28,0,87.5,0.0,0.4935138461606851,0.875,0.00042891502380371094,0.7686223983764648,0.03662109375,256
8192,8,15,C,0.0,32,32,224,32,32,0,100.0,0.0,0.4902317692111657,0.84375,0.0007207393646240234,0.9171371459960938,0.0362548828125,256
8192,8,15,Q,0.0,32,32,224,27,27,0,84.375,0.0,0.4902317692111657,0.84375,0.0007207393646240234,0.9171371459960938,0.0362548828125,256
8192,8,16,C,0.0,32,32,224,32,32,0,100.0,0.0,0.5035599775145383,0.9375,0.0005068778991699219,0.881892204284668,0.037841796875,256
8192,8,16,Q,0.0,32,32,224,30,30,0,93.75,0.0,0.5035599775145383,0.9375,0.0005068778991699219,0.881892204284668,0.037841796875,256
8192,8,17,C,0.0,32,32,224,32,32,0,100.0,0.0,0.5033750049731248,0.9375,0.000263214111328125,0.5602593421936035,0.0357666015625,256
8192,8,17,Q,0.0,32,32,224,30,30,0,93.75,0.0,0.5033750049731248,0.9375,0.000263214111328125,0.5602593421936035,0.0357666015625,256
8192,8,18,C,0.0,32,32,224,32,32,0,100.0,0.0,0.4987023217155622,0.84375,0.000255584716796875,0.5603611469268799,0.0335693359375,256
8192,8,18,Q,0.0,32,32,224,27,27,0,84.375,0.0,0.4987023217155622,0.84375,0.000255584716796875,0.5603611469268799,0.0335693359375,256
8192,8,19,C,0.0,32,32,224,32,32,0,100.0,0.0,0.5080320232090131,0.90625,0.00027060508728027344,0.7946515083312988,0.035888671875,256
8192,8,19,Q,0.0,32,32,224,29,29,0,90.625,0.0,0.5080320232090131,0.90625,0.00027060508728027344,0.7946515083312988,0.035888671875,256
8192,8,20,C,0.0,32,32,224,32,32,0,100.0,0.0,0.502268827209948,0.90625,0.0007317066192626953,1.1457598209381104,0.0347900390625,256
8192,8,20,Q,0.0,32,32,224,29,29,0,90.625,0.0,0.502268827209948,0.90625,0.0007317066192626953,1.1457598209381104,0.0347900390625,256
8192,8,21,C,0.0,32,32,224,32,32,0,100.0,0.0,0.5066217035802819,0.96875,0.0005314350128173828,0.9216067790985107,0.0382080078125,256
8192,8,21,Q,0.0,32,32,224,31,31,0,96.875,0.0,0.5066217035802819,0.96875,0.0005314350128173828,0.9216067790985107,0.0382080078125,256
8192,8,22,C,0.0,32,32,224,32,32,0,100.0,0.0,0.48872474949863726,0.78125,0.00025725364685058594,0.5566859245300293,0.0323486328125,256
8192,8,22,Q,0.0,32,32,224,25,25,0,78.125,0.0,0.48872474949863726,0.78125,0.00025725364685058594,0.5566859245300293,0.0323486328125,256
8192,8,23,C,0.0,32,32,224,32,32,0,100.0,0.0,0.49744275140700434,0.84375,0.00028514862060546875,0.5721859931945801,0.033447265625,256
8192,8,23,Q,0.0,32,32,224,27,27,0,84.375,0.0,0.49744275140700434,0.84375,0.00028514862060546875,0.5721859931945801,0.033447265625,256
8192,8,24,C,0.0,32,32,224,32,32,0,100.0,0.0,0.49105876048816555,0.84375,0.0002999305725097656,0.578160285949707,0.0357666015625,256
8192,8,24,Q,0.0,32,32,224,27,27,0,84.375,0.0,0.49105876048816555,0.84375,0.0002999305725097656,0.578160285949707,0.0357666015625,256
8192,8,25,C,0.0,32,32,224,32,32,0,100.0,0.0,0.50448073255135,0.90625,0.0007233619689941406,1.682032585144043,0.0343017578125,256
8192,8,25,Q,0.0,32,32,224,29,29,0,90.625,0.0,0.50448073255135,0.90625,0.0007233619689941406,1.682032585144043,0.0343017578125,256
8192,8,26,C,0.0,32,32,224,32,32,0,100.0,0.0,0.5044239921790803,0.84375,0.0006356239318847656,1.185011386871338,0.0360107421875,256
8192,8,26,Q,0.0,32,32,224,27,27,0,84.375,0.0,0.5044239921790803,0.84375,0.0006356239318847656,1.185011386871338,0.0360107421875,256
8192,8,27,C,0.0,32,32,224,32,32,0,100.0,0.0,0.5036181978563724,0.90625,0.00023365020751953125,0.5752668380737305,0.03466796875,256
8192,8,27,Q,0.0,32,32,224,29,29,0,90.625,0.0,0.5036181978563724,0.90625,0.00023365020751953125,0.5752668380737305,0.03466796875,256
8192,8,28,C,0.0,32,32,224,32,32,0,100.0,0.0,0.49386529300934573,0.8125,0.00029397010803222656,0.5828864574432373,0.0352783203125,256
8192,8,28,Q,0.0,32,32,224,26,26,0,81.25,0.0,0.49386529300934573,0.8125,0.00029397010803222656,0.5828864574432373,0.0352783203125,256
8192,8,29,C,0.0,32,32,224,32,32,0,100.0,0.0,0.4962941296029758,0.90625,0.0002868175506591797,0.6403653621673584,0.035400390625,256
8192,8,29,Q,0.0,32,32,224,29,29,0,90.625,0.0,0.4962941296029758,0.90625,0.0002868175506591797,0.6403653621673584,0.035400390625,256
8192,8,30,C,0.0,32,32,224,32,32,0,100.0,0.0,0.49929395968543655,0.90625,0.0005846023559570312,0.9934024810791016,0.0374755859375,256
8192,8,30,Q,0.0,32,32,224,29,29,0,90.625,0.0,0.49929395968543655,0.90625,0.0005846023559570312,0.9934024810791016,0.0374755859375,256
8192,8,31,C,0.0,32,32,224,32,32,0,100.0,0.0,0.5099411875918166,0.96875,0.0008175373077392578,1.1455090045928955,0.037109375,256
8192,8,31,Q,0.0,32,32,224,31,31,0,96.875,0.0,0.5099411875918166,0.96875,0.0008175373077392578,1.1455090045928955,0.037109375,256
8192,8,32,C,0.0,32,32,224,32,32,0,100.0,0.0,0.4986138400950481,0.875,0.00032067298889160156,0.673037052154541,0.0372314453125,256
8192,8,32,Q,0.0,32,32,224,28,28,0,87.5,0.0,0.4986138400950481,0.875,0.00032067298889160156,0.673037052154541,0.0372314453125,256
8192,8,33,C,0.0,32,32,224,32,32,0,100.0,0.0,0.4885565653578554,0.8125,0.0002923011779785156,0.6841521263122559,0.03466796875,256
8192,8,33,Q,0.0,32,32,224,26,26,0,81.25,0.0,0.4885565653578554,0.8125,0.0002923011779785156,0.6841521263122559,0.03466796875,256
8192,8,34,C,0.0,32,32,224,32,32,0,100.0,0.0,0.49215020375511637,0.875,0.00028133392333984375,0.6242094039916992,0.0335693359375,256
8192,8,34,Q,0.0,32,32,224,28,28,0,87.5,0.0,0.49215020375511637,0.875,0.00028133392333984375,0.6242094039916992,0.0335693359375,256
8192,8,35,C,0.0,32,32,224,32,32,0,100.0,0.0,0.48936812212772224,0.875,0.0006349086761474609,0.9912135601043701,0.03564453125,256
8192,8,35,Q,0.0,32,32,224,28,28,0,87.5,0.0,0.48936812212772224,0.875,0.0006349086761474609,0.9912135601043701,0.03564453125,256
8192,8,36,C,0.0,32,32,224,32,32,0,100.0,0.0,0.5001861473126771,0.8125,0.0005419254302978516,0.9828901290893555,0.0364990234375,256
8192,8,36,Q,0.0,32,32,224,26,26,0,81.25,0.0,0.5001861473126771,0.8125,0.0005419254302978516,0.9828901290893555,0.0364990234375,256
8192,8,37,C,0.0,32,32,224,32,32,0,100.0,0.0,0.4891743806564777,0.84375,0.00028252601623535156,0.6491014957427979,0.035400390625,256
8192,8,37,Q,0.0,32,32,224,27,27,0,84.375,0.0,0.4891743806564777,0.84375,0.00028252601623535156,0.6491014957427979,0.035400390625,256
8192,8,38,C,0.0,32,32,224,32,32,0,100.0,0.0,0.4971334079639288,0.90625,0.0002732276916503906,0.6262607574462891,0.0361328125,256
8192,8,38,Q,0.0,32,32,224,29,29,0,90.625,0.0,0.4971334079639288,0.90625,0.0002732276916503906,0.6262607574462891,0.0361328125,256
8192,8,39,C,0.0,32,32,224,32,32,0,100.0,0.0,0.5005302873910268,0.90625,0.0005867481231689453,0.77675461769104,0.0347900390625,256
8192,8,39,Q,0.0,32,32,224,29,29,0,90.625,0.0,0.5005302873910268,0.90625,0.0005867481231689453,0.77675461769104,0.0347900390625,256
8192,8,40,C,0.0,32,32,224,32,32,0,100.0,0.0,0.49292321394378236,0.90625,0.0002543926239013672,0.5685012340545654,0.0361328125,256
8192,8,40,Q,0.0,32,32,224,29,29,0,90.625,0.0,0.49292321394378236,0.90625,0.0002543926239013672,0.5685012340545654,0.0361328125,256
8192,8,41,C,0.0,32,32,224,32,32,0,100.0,0.0,0.5005813518404414,0.90625,0.0007016658782958984,1.1731069087982178,0.036865234375,256
8192,8,41,Q,0.0,32,32,224,29,29,0,90.625,0.0,0.5005813518404414,0.90625,0.0007016658782958984,1.1731069087982178,0.036865234375,256
8192,8,42,C,0.0,32,32,224,32,32,0,100.0,0.0,0.49878910551152883,0.90625,0.0003135204315185547,0.657954216003418,0.0357666015625,256
8192,8,42,Q,0.0,32,32,224,29,29,0,90.625,0.0,0.49878910551152883,0.90625,0.0003135204315185547,0.657954216003418,0.0357666015625,256
8192,8,43,C,0.0,32,32,224,32,32,0,100.0,0.0,0.49920351091652826,0.875,0.0002651214599609375,0.6141717433929443,0.03564453125,256
8192,8,43,Q,0.0,32,32,224,28,28,0,87.5,0.0,0.49920351091652826,0.875,0.0002651214599609375,0.6141717433929443,0.03564453125,256
8192,8,44,C,0.0,32,32,224,32,32,0,100.0,0.0,0.48928824635004725,0.84375,0.000518798828125,1.0292139053344727,0.036865234375,256
8192,8,44,Q,0.0,32,32,224,27,27,0,84.375,0.0,0.48928824635004725,0.84375,0.000518798828125,1.0292139053344727,0.036865234375,256
8192,8,45,C,0.0,32,32,224,32,32,0,100.0,0.0,0.5018000755196792,0.84375,0.0005385875701904297,0.9562437534332275,0.035400390625,256
8192,8,45,Q,0.0,32,32,224,27,27,0,84.375,0.0,0.5018000755196792,0.84375,0.0005385875701904297,0.9562437534332275,0.035400390625,256
8192,8,46,C,0.0,32,32,224,32,32,0,100.0,0.0,0.5043030159218115,0.90625,0.00025463104248046875,0.5679287910461426,0.034423828125,256
8192,8,46,Q,0.0,32,32,224,29,29,0,90.625,0.0,0.5043030159218115,0.90625,0.00025463104248046875,0.5679287910461426,0.034423828125,256
8192,8,47,C,0.0,32,32,224,32,32,0,100.0,0.0,0.5027658134345969,0.9375,0.0006229877471923828,0.976778507232666,0.033447265625,256
8192,8,47,Q,0.0,32,32,224,30,30,0,93.75,0.0,0.5027658134345969,0.9375,0.0006229877471923828,0.976778507232666,0.033447265625,256
8192,8,48,C,0.0,32,32,224,32,32,0,100.0,0.0,0.4889279496882795,0.8125,0.0003447532653808594,0.645498514175415,0.0321044921875,256
8192,8,48,Q,0.0,32,32,224,26,26,0,81.25,0.0,0.4889279496882795,0.8125,0.0003447532653808594,0.645498514175415,0.0321044921875,256
8192,8,49,C,0.0,32,32,224,32,32,0,100.0,0.0,0.49336467205578016,0.875,0.0002715587615966797,0.5947849750518799,0.0357666015625,256
8192,8,49,Q,0.0,32,32,224,28,28,0,87.5,0.0,0.49336467205578016,0.875,0.0002715587615966797,0.5947849750518799,0.0357666015625,256
8192,8,50,C,0.0,32,32,224,32,32,0,100.0,0.0,0.4960616215110172,0.84375,0.00026154518127441406,0.5759527683258057,0.0338134765625,256
8192,8,50,Q,0.0,32,32,224,27,27,0,84.375,0.0,0.4960616215110172,0.84375,0.00026154518127441406,0.5759527683258057,0.0338134765625,256
8192,8,51,C,0.0,32,32,224,32,32,0,100.0,0.0,0.49748112578524617,0.78125,0.0007810592651367188,1.0152721405029297,0.041015625,256
8192,8,51,Q,0.0,32,32,224,25,25,0,78.125,0.0,0.49748112578524617,0.78125,0.0007810592651367188,1.0152721405029297,0.041015625,256
8192,8,52,C,0.0,32,32,224,32,32,0,100.0,0.0,0.4950637442750856,0.875,0.0007672309875488281,1.0413920879364014,0.03466796875,256
8192,8,52,Q,0.0,32,32,224,28,28,0,87.5,0.0,0.4950637442750856,0.875,0.0007672309875488281,1.0413920879364014,0.03466796875,256
8192,8,53,C,0.0,32,32,224,32,32,0,100.0,0.0,0.4896246309480566,0.8125,0.0002810955047607422,0.616471529006958,0.0377197265625,256
8192,8,53,Q,0.0,32,32,224,26,26,0,81.25,0.0,0.4896246309480566,0.8125,0.0002810955047607422,0.616471529006958,0.0377197265625,256
8192,8,54,C,0.0,32,32,224,32,32,0,100.0,0.0,0.493293437823923,0.8125,0.00025153160095214844,0.6267247200012207,0.0360107421875,256
8192,8,54,Q,0.0,32,32,224,26,26,0,81.25,0.0,0.493293437823923,0.8125,0.00025153160095214844,0.6267247200012207,0.0360107421875,256
8192,8,55,C,0.0,32,32,224,32,32,0,100.0,0.0,0.5051216857594867,0.90625,0.0007760524749755859,0.9717886447906494,0.03662109375,256
8192,8,55,Q,0.0,32,32,224,29,29,0,90.625,0.0,0.5051216857594867,0.90625,0.0007760524749755859,0.9717886447906494,0.03662109375,256
8192,8,56,C,0.0,32,32,224,32,32,0,100.0,0.0,0.4888595183274268,0.84375,0.0006039142608642578,0.8858053684234619,0.0343017578125,256
8192,8,56,Q,0.0,32,32,224,27,27,0,84.375,0.0,0.4888595183274268,0.84375,0.0006039142608642578,0.8858053684234619,0.0343017578125,256
8192,8,57,C,0.0,32,32,224,32,32,0,100.0,0.0,0.4926434071653444,0.84375,0.00024437904357910156,0.540137529373169,0.036865234375,256
8192,8,57,Q,0.0,32,32,224,27,27,0,84.375,0.0,0.4926434071653444,0.84375,0.00024437904357910156,0.540137529373169,0.036865234375,256
8192,8,58,C,0.0,32,32,224,32,32,0,100.0,0.0,0.49801506606615953,0.90625,0.0002834796905517578,0.5499842166900635,0.0360107421875,256
8192,8,58,Q,0.0,32,32,224,29,29,0,90.625,0.0,0.49801506606615953,0.90625,0.0002834796905517578,0.5499842166900635,0.0360107421875,256
8192,8,59,C,0.0,32,32,224,32,32,0,100.0,0.0,0.5045021511106774,0.84375,0.0002727508544921875,0.634758472442627,0.039306640625,256
8192,8,59,Q,0.0,32,32,224,27,27,0,84.375,0.0,0.5045021511106774,0.84375,0.0002727508544921875,0.634758472442627,0.039306640625,256
8192,10,0,C,0.0,40,40,360,40,40,0,100.0,0.0,0.43930362021575514,0.9,0.0002791881561279297,0.7877492904663086,0.0235595703125,400
8192,10,0,Q,0.0,40,40,360,36,36,0,90.0,0.0,0.43930362021575514,0.9,0.0002791881561279297,0.7877492904663086,0.0235595703125,400
8192,10,1,C,0.0,40,40,360,40,40,0,100.0,0.0,0.44496280135159566,0.9,0.0006623268127441406,1.228285312652588,0.0220947265625,400
8192,10,1,Q,0.0,40,40,360,36,36,0,90.0,0.0,0.44496280135159566,0.9,0.0006623268127441406,1.228285312652588,0.0220947265625,400
8192,10,2,C,0.0,40,40,360,40,40,0,100.0,0.0,0.4469125223795169,0.925,0.0006010532379150391,1.2185006141662598,0.02294921875,400
8192,10,2,Q,0.0,40,40,360,37,37,0,92.5,0.0,0.4469125223795169,0.925,0.0006010532379150391,1.2185006141662598,0.02294921875,400
8192,10,3,C,0.0,40,40,360,40,40,0,100.0,0.0,0.43935643864249846,0.875,0.00029730796813964844,0.7709264755249023,0.02587890625,400
8192,10,3,Q,0.0,40,40,360,35,35,0,87.5,0.0,0.43935643864249846,0.875,0.00029730796813964844,0.7709264755249023,0.02587890625,400
8192,10,4,C,0.0,40,40,360,40,40,0,100.0,0.0,0.4494556968154161,0.925,0.0002999305725097656,0.7729518413543701,0.02197265625,400
8192,10,4,Q,0.0,40,40,360,37,37,0,92.5,0.0,0.4494556968154161,0.925,0.0002999305725097656,0.7729518413543701,0.02197265625,400
8192,10,5,C,0.0,40,40,360,40,40,0,100.0,0.0,0.45396114934725695,0.925,0.000720977783203125,1.3172688484191895,0.022705078125,400
8192,10,5,Q,0.0,40,40,360,37,37,0,92.5,0.0,0.45396114934725695,0.925,0.000720977783203125,1.3172688484191895,0.022705078125,400
8192,10,6,C,0.0,40,40,360,40,40,0,100.0,0.0,0.44156180863630395,0.9,0.0009808540344238281,1.6102330684661865,0.0213623046875,400
8192,10,6,Q,0.0,40,40,360,36,36,0,90.0,0.0,0.44156180863630395,0.9,0.0009808540344238281,1.6102330684661865,0.0213623046875,400
8192,10,7,C,0.0,40,40,360,40,40,0,100.0,0.0,0.4317551757332054,0.85,0.0003058910369873047,0.8103213310241699,0.022216796875,400
8192,10,7,Q,0.0,40,40,360,34,34,0,85.0,0.0,0.4317551757332054,0.85,0.0003058910369873047,0.8103213310241699,0.022216796875,400
8192,10,8,C,0.0,40,40,360,40,40,0,100.0,0.0,0.43573177994019496,0.85,0.0002808570861816406,0.7601737976074219,0.02001953125,400
8192,10,8,Q,0.0,40,40,360,34,34,0,85.0,0.0,0.43573177994019496,0.85,0.0002808570861816406,0.7601737976074219,0.02001953125,400
8192,10,9,C,0.0,40,40,360,40,40,0,100.0,0.0,0.4304150091819327,0.825,0.0002510547637939453,0.7860932350158691,0.019287109375,400
8192,10,9,Q,0.0,40,40,360,33,33,0,82.5,0.0,0.4304150091819327,0.825,0.0002510547637939453,0.7860932350158691,0.019287109375,400
8192,10,10,C,0.0,40,40,360,40,40,0,100.0,0.0,0.4551114665103546,0.95,0.0006709098815917969,1.3128941059112549,0.023681640625,400
8192,10,10,Q,0.0,40,40,360,38,38,0,95.0,0.0,0.4551114665103546,0.95,0.0006709098815917969,1.3128941059112549,0.023681640625,400
8192,10,11,C,0.0,40,40,360,40,40,0,100.0,0.0,0.45333748404253527,0.925,0.0006220340728759766,1.2869904041290283,0.02099609375,400
8192,10,11,Q,0.0,40,40,360,37,37,0,92.5,0.0,0.45333748404253527,0.925,0.0006220340728759766,1.2869904041290283,0.02099609375,400
8192,10,12,C,0.0,40,40,360,40,40,0,100.0,0.0,0.44815834838035845,0.9,0.0002999305725097656,0.8005776405334473,0.022216796875,400
8192,10,12,Q,0.0,40,40,360,36,36,0,90.0,0.0,0.44815834838035845,0.9,0.0002999305725097656,0.8005776405334473,0.022216796875,400
8192,10,13,C,0.0,40,40,360,40,40,0,100.0,0.0,0.4420382291563041,0.875,0.0006475448608398438,1.2813124656677246,0.021728515625,400
8192,10,13,Q,0.0,40,40,360,35,35,0,87.5,0.0,0.4420382291563041,0.875,0.0006475448608398438,1.2813124656677246,0.021728515625,400
8192,10,14,C,0.0,40,40,360,40,40,0,100.0,0.0,0.42530405036442254,0.775,0.0002608299255371094,0.7676191329956055,0.0211181640625,400
8192,10,14,Q,0.0,40,40,360,31,31,0,77.5,0.0,0.42530405036442254,0.775,0.0002608299255371094,0.7676191329956055,0.0211181640625,400
8192,10,15,C,0.0,40,40,360,40,40,0,100.0,0.0,0.44396962911700627,0.9,0.0002601146697998047,0.7724270820617676,0.0206298828125,400
8192,10,15,Q,0.0,40,40,360,36,36,0,90.0,0.0,0.44396962911700627,0.9,0.0002601146697998047,0.7724270820617676,0.0206298828125,400
8192,10,16,C,0.0,40,40,360,40,40,0,100.0,0.0,0.4402161418783729,0.9,0.0008075237274169922,1.5332913398742676,0.0189208984375,400
8192,10,16,Q,0.0,40,40,360,36,36,0,90.0,0.0,0.4402161418783729,0.9,0.0008075237274169922,1.5332913398742676,0.0189208984375,400
8192,10,17,C,0.0,40,40,360,40,40,0,100.0,0.0,0.443671852824995,0.9,0.0002923011779785156,0.7523210048675537,0.021240234375,400
8192,10,17,Q,0.0,40,40,360,36,36,0,90.0,0.0,0.443671852824995,0.9,0.0002923011779785156,0.7523210048675537,0.021240234375,400
8192,10,18,C,0.0,40,40,360,40,40,0,100.0,0.0,0.4400313909637708,0.875,0.00032401084899902344,0.8279969692230225,0.024169921875,400
8192,10,18,Q,0.0,40,40,360,35,35,0,87.5,0.0,0.4400313909637708,0.875,0.00032401084899902344,0.8279969692230225,0.024169921875,400
8192,10,19,C,0.0,40,40,360,40,40,0,100.0,0.0,0.43935622143354075,0.85,0.0003104209899902344,0.8288295269012451,0.0238037109375,400
8192,10,19,Q,0.0,40,40,360,34,34,0,85.0,0.0,0.43935622143354075,0.85,0.0003104209899902344,0.8288295269012451,0.0238037109375,400
8192,10,20,C,0.0,40,40,360,40,40,0,100.0,0.0,0.4556334173267002,0.95,0.0006184577941894531,1.1591551303863525,0.02294921875,400
8192,10,20,Q,0.0,40,40,360,38,38,0,95.0,0.0,0.4556334173267002,0.95,0.0006184577941894531,1.1591551303863525,0.02294921875,400
8192,10,21,C,0.0,40,40,360,40,40,0,100.0,0.0,0.4401910624650909,0.875,0.0006916522979736328,1.3100850582122803,0.0213623046875,400
8192,10,21,Q,0.0,40,40,360,35,35,0,87.5,0.0,0.4401910624650909,0.875,0.0006916522979736328,1.3100850582122803,0.0213623046875,400
8192,10,22,C,0.0,40,40,360,40,40,0,100.0,0.0,0.4530371832934532,0.925,0.0005924701690673828,1.2941973209381104,0.021728515625,400
8192,10,22,Q,0.0,40,40,360,37,37,0,92.5,0.0,0.4530371832934532,0.925,0.0005924701690673828,1.2941973209381104,0.021728515625,400
8192,10,23,C,0.0,40,40,360,40,40,0,100.0,0.0,0.44993913403803165,0.925,0.00029158592224121094,0.8527615070343018,0.0234375,400
8192,10,23,Q,0.0,40,40,360,37,37,0,92.5,0.0,0.44993913403803165,0.925,0.00029158592224121094,0.8527615070343018,0.0234375,400
8192,10,24,C,0.0,40,40,360,40,40,0,100.0,0.0,0.44205305495313224,0.875,0.00027370452880859375,0.7782037258148193,0.0218505859375,400
8192,10,24,Q,0.0,40,40,360,35,35,0,87.5,0.0,0.44205305495313224,0.875,0.00027370452880859375,0.7782037258148193,0.0218505859375,400
8192,10,25,C,0.0,40,40,360,40,40,0,100.0,0.0,0.4494065803746598,0.9,0.00029850006103515625,0.8177201747894287,0.0208740234375,400
8192,10,25,Q,0.0,40,40,360,36,36,0,90.0,0.0,0.4494065803746598,0.9,0.00029850006103515625,0.8177201747894287,0.0208740234375,400
8192,10,26,C,0.0,40,40,360,40,40,0,100.0,0.0,0.4374416475962287,0.875,0.00030303001403808594,0.8046066761016846,0.020751953125,400
8192,10,26,Q,0.0,40,40,360,35,35,0,87.5,0.0,0.4374416475962287,0.875,0.00030303001403808594,0.8046066761016846,0.020751953125,400
8192,10,27,C,0.0,40,40,360,40,40,0,100.0,0.0,0.45256900341882134,0.925,0.00033283233642578125,0.7745330333709717,0.022216796875,400
8192,10,27,Q,0.0,40,40,360,37,37,0,92.5,0.0,0.45256900341882134,0.925,0.00033283233642578125,0.7745330333709717,0.022216796875,400
8192,10,28,C,0.0,40,40,360,40,40,0,100.0,0.0,0.4399870978266181,0.875,0.0006313323974609375,1.5029616355895996,0.0211181640625,400
8192,10,28,Q,0.0,40,40,360,35,35,0,87.5,0.0,0.4399870978266181,0.875,0.0006313323974609375,1.5029616355895996,0.0211181640625,400
8192,10,29,C,0.0,40,40,360,40,40,0,100.0,0.0,0.4606917683803575,0.975,0.00030303001403808594,0.860886812210083,0.024169921875,400
8192,10,29,Q,0.0,40,40,360,39,39,0,97.5,0.0,0.4606917683803575,0.975,0.00030303001403808594,0.860886812210083,0.024169921875,400
8192,10,30,C,0.0,40,40,360,40,40,0,100.0,0.0,0.44330295468974795,0.875,0.0004906654357910156,1.233323335647583,0.02197265625,400
8192,10,30,Q,0.0,40,40,360,35,35,0,87.5,0.0,0.44330295468974795,0.875,0.0004906654357910156,1.233323335647583,0.02197265625,400
8192,10,31,C,0.0,40,40,360,40,40,0,100.0,0.0,0.4353964417762713,0.825,0.0006144046783447266,1.0990746021270752,0.0216064453125,400
8192,10,31,Q,0.0,40,40,360,33,33,0,82.5,0.0,0.4353964417762713,0.825,0.0006144046783447266,1.0990746021270752,0.0216064453125,400
8192,10,32,C,0.0,40,40,360,40,40,0,100.0,0.0,0.44245971958200403,0.875,0.0005500316619873047,1.285975456237793,0.0244140625,400
8192,10,32,Q,0.0,40,40,360,35,35,0,87.5,0.0,0.44245971958200403,0.875,0.0005500316619873047,1.285975456237793,0.0244140625,400
8192,10,33,C,0.0,40,40,360,40,40,0,100.0,0.0,0.4451415110618418,0.875,0.0003027915954589844,0.8121929168701172,0.019775390625,400
8192,10,33,Q,0.0,40,40,360,35,35,0,87.5,0.0,0.4451415110618418,0.875,0.0003027915954589844,0.8121929168701172,0.019775390625,400
8192,10,34,C,0.0,40,40,360,40,40,0,100.0,0.0,0.4484991555188053,0.95,0.0003039836883544922,0.8672950267791748,0.024169921875,400
8192,10,34,Q,0.0,40,40,360,38,38,0,95.0,0.0,0.4484991555188053,0.95,0.0003039836883544922,0.8672950267791748,0.024169921875,400
8192,10,35,C,0.0,40,40,360,40,40,0,100.0,0.0,0.44866528443504994,0.9,0.0003619194030761719,0.8081204891204834,0.022705078125,400
8192,10,35,Q,0.0,40,40,360,36,36,0,90.0,0.0,0.44866528443504994,0.9,0.0003619194030761719,0.8081204891204834,0.022705078125,400
8192,10,36,C,0.0,40,40,360,40,40,0,100.0,0.0,0.4414170610370906,0.9,0.0007843971252441406,1.1395764350891113,0.0230712890625,400
8192,10,36,Q,0.0,40,40,360,36,36,0,90.0,0.0,0.4414170610370906,0.9,0.0007843971252441406,1.1395764350891113,0.0230712890625,400
8192,10,37,C,0.0,40,40,360,40,40,0,100.0,0.0,0.4407484379584997,0.85,0.0003211498260498047,0.7978246212005615,0.02392578125,400
8192,10,37,Q,0.0,40,40,360,34,34,0,85.0,0.0,0.4407484379584997,0.85,0.0003211498260498047,0.7978246212005615,0.02392578125,400
8192,10,38,C,0.0,40,40,360,40,40,0,100.0,0.0,0.4431213886305262,0.9,0.000293731689453125,0.7796614170074463,0.0223388671875,400
8192,10,38,Q,0.0,40,40,360,36,36,0,90.0,0.0,0.4431213886305262,0.9,0.000293731689453125,0.7796614170074463,0.0223388671875,400
8192,10,39,C,0.0,40,40,360,40,40,0,100.0,0.0,0.4303996266009214,0.85,0.0006632804870605469,1.4465904235839844,0.0235595703125,400
8192,10,39,Q,0.0,40,40,360,34,34,0,85.0,0.0,0.4303996266009214,0.85,0.0006632804870605469,1.4465904235839844,0.0235595703125,400
8192,10,40,C,0.0,40,40,360,40,40,0,100.0,0.0,0.4379992158437995,0.7857142857142857,0.0005848407745361328,1.3842506408691406,0.02392578125,400
8192,10,40,Q,0.0,40,40,360,35,33,2,82.5,5.714285714285714,0.4379992158437995,0.7857142857142857,0.0005848407745361328,1.3842506408691406,0.02392578125,400
8192,10,41,C,0.0,40,40,360,40,40,0,100.0,0.0,0.45594867197859384,0.95,0.0005769729614257812,1.3267810344696045,0.0223388671875,400
8192,10,41,Q,0.0,40,40,360,38,38,0,95.0,0.0,0.45594867197859384,0.95,0.0005769729614257812,1.3267810344696045,0.0223388671875,400
8192,10,42,C,0.0,40,40,360,40,40,0,100.0,0.0,0.4570498079610989,0.925,0.000308990478515625,0.7620270252227783,0.0238037109375,400
8192,10,42,Q,0.0,40,40,360,37,37,0,92.5,0.0,0.4570498079610989,0.925,0.000308990478515625,0.7620270252227783,0.0238037109375,400
8192,10,43,C,0.0,40,40,360,40,40,0,100.0,0.0,0.43458889889656754,0.875,0.00028443336486816406,0.772202730178833,0.021728515625,400
8192,10,43,Q,0.0,40,40,360,35,35,0,87.5,0.0,0.43458889889656754,0.875,0.00028443336486816406,0.772202730178833,0.021728515625,400
8192,10,44,C,0.0,40,40,360,40,40,0,100.0,0.0,0.4528233731442521,0.925,0.0003216266632080078,0.7744476795196533,0.0225830078125,400
8192,10,44,Q,0.0,40,40,360,37,37,0,92.5,0.0,0.4528233731442521,0.925,0.0003216266632080078,0.7744476795196533,0.0225830078125,400
8192,10,45,C,0.0,40,40,360,40,40,0,100.0,0.0,0.43643154207434615,0.875,0.000396728515625,0.8396139144897461,0.0211181640625,400
8192,10,45,Q,0.0,40,40,360,35,35,0,87.5,0.0,0.43643154207434615,0.875,0.000396728515625,0.8396139144897461,0.0211181640625,400
8192,10,46,C,0.0,40,40,360,40,40,0,100.0,0.0,0.45219366707388714,0.925,0.0004036426544189453,0.9891235828399658,0.0211181640625,400
8192,10,46,Q,0.0,40,40,360,37,37,0,92.5,0.0,0.45219366707388714,0.925,0.0004036426544189453,0.9891235828399658,0.0211181640625,400
8192,10,47,C,0.0,40,40,360,40,40,0,100.0,0.0,0.4529908726407759,0.95,0.0006854534149169922,1.2814359664916992,0.0224609375,400
8192,10,47,Q,0.0,40,40,360,38,38,0,95.0,0.0,0.4529908726407759,0.95,0.0006854534149169922,1.2814359664916992,0.0224609375,400
8192,10,48,C,0.0,40,40,360,40,40,0,100.0,0.0,0.446065795565284,0.9,0.0003170967102050781,0.8476290702819824,0.02392578125,400
8192,10,48,Q,0.0,40,40,360,36,36,0,90.0,0.0,0.446065795565284,0.9,0.0003170967102050781,0.8476290702819824,0.02392578125,400
8192,10,49,C,0.0,40,40,360,40,40,0,100.0,0.0,0.4490719927825141,0.925,0.00031948089599609375,0.8630647659301758,0.0216064453125,400
8192,10,49,Q,0.0,40,40,360,37,37,0,92.5,0.0,0.4490719927825141,0.925,0.00031948089599609375,0.8630647659301758,0.0216064453125,400
8192,10,50,C,0.0,40,40,360,40,40,0,100.0,0.0,0.44500247900817513,0.9,0.0006229877471923828,1.3241736888885498,0.0225830078125,400
8192,10,50,Q,0.0,40,40,360,36,36,0,90.0,0.0,0.44500247900817513,0.9,0.0006229877471923828,1.3241736888885498,0.0225830078125,400
8192,10,51,C,0.0,40,40,360,40,40,0,100.0,0.0,0.45602777076747997,0.925,0.0008559226989746094,1.6262972354888916,0.023193359375,400
8192,10,51,Q,0.0,40,40,360,37,37,0,92.5,0.0,0.45602777076747997,0.925,0.0008559226989746094,1.6262972354888916,0.023193359375,400
8192,10,52,C,0.0,40,40,360,40,40,0,100.0,0.0,0.43989766675328146,0.875,0.0002543926239013672,0.7030298709869385,0.022705078125,400
8192,10,52,Q,0.0,40,40,360,35,35,0,87.5,0.0,0.43989766675328146,0.875,0.0002543926239013672,0.7030298709869385,0.022705078125,400
8192,10,53,C,0.0,40,40,360,40,40,0,100.0,0.0,0.4399457203101202,0.875,0.0002830028533935547,0.7712104320526123,0.0208740234375,400
8192,10,53,Q,0.0,40,40,360,35,35,0,87.5,0.0,0.4399457203101202,0.875,0.0002830028533935547,0.7712104320526123,0.0208740234375,400
8192,10,54,C,0.0,40,40,360,40,40,0,100.0,0.0,0.4307573220247176,0.8,0.0003197193145751953,0.8064765930175781,0.0213623046875,400
8192,10,54,Q,0.0,40,40,360,32,32,0,80.0,0.0,0.4307573220247176,0.8,0.0003197193145751953,0.8064765930175781,0.0213623046875,400
8192,10,55,C,0.0,40,40,360,40,40,0,100.0,0.0,0.45525416113785205,0.95,0.0002732276916503906,0.7335197925567627,0.02392578125,400
8192,10,55,Q,0.0,40,40,360,38,38,0,95.0,0.0,0.45525416113785205,0.95,0.0002732276916503906,0.7335197925567627,0.02392578125,400
8192,10,56,C,0.0,40,40,360,40,40,0,100.0,0.0,0.44146499591965865,0.875,0.0006506443023681641,1.332582950592041,0.021240234375,400
8192,10,56,Q,0.0,40,40,360,35,35,0,87.5,0.0,0.44146499591965865,0.875,0.0006506443023681641,1.332582950592041,0.021240234375,400
8192,10,57,C,0.0,40,40,360,40,40,0,100.0,0.0,0.4464895994133519,0.9,0.0006494522094726562,1.1945648193359375,0.0267333984375,400
8192,10,57,Q,0.0,40,40,360,36,36,0,90.0,0.0,0.4464895994133519,0.9,0.0006494522094726562,1.1945648193359375,0.0267333984375,400
8192,10,58,C,0.0,40,40,360,40,40,0,100.0,0.0,0.4364665636039285,0.875,0.00044536590576171875,0.8063321113586426,0.0216064453125,400
8192,10,58,Q,0.0,40,40,360,35,35,0,87.5,0.0,0.4364665636039285,0.875,0.00044536590576171875,0.8063321113586426,0.0216064453125,400
8192,10,59,C,0.0,40,40,360,40,40,0,100.0,0.0,0.4346641155895037,0.85,0.00034928321838378906,0.8285152912139893,0.0224609375,400
8192,10,59,Q,0.0,40,40,360,34,34,0,85.0,0.0,0.4346641155895037,0.85,0.00034928321838378906,0.8285152912139893,0.0224609375,400
